date,XLP,XLY
1998-12-22,26.50,25.47
1998-12-23,27.14,25.58
1998-12-24,27.09,26.05
1998-12-28,26.94,25.81
1998-12-29,27.53,26.38
1998-12-30,27.36,26.16
1998-12-31,27.16,26.13
1999-01-04,26.94,25.97
1999-01-05,27.14,26.41
1999-01-06,27.47,27.16
1999-01-07,27.16,27.13
1999-01-08,27.05,27.16
1999-01-11,26.50,27.02
1999-01-12,26.30,26.31
1999-01-13,26.34,26.44
1999-01-14,25.84,25.84
1999-01-15,26.13,26.17
1999-01-19,25.83,26.16
1999-01-20,25.91,26.59
1999-01-21,25.52,26.34
1999-01-22,25.39,26.47
1999-01-25,25.33,26.41
1999-01-26,25.92,27.03
1999-01-27,26.27,27.00
1999-01-28,26.73,27.28
1999-01-29,26.80,27.47
1999-02-01,26.69,27.53
1999-02-02,26.91,27.19
1999-02-03,26.81,27.63
1999-02-04,26.69,27.47
1999-02-05,26.28,26.78
1999-02-08,26.23,27.22
1999-02-09,25.77,26.38
1999-02-10,25.95,26.38
1999-02-11,26.39,27.23
1999-02-12,26.17,26.75
1999-02-16,26.48,27.09
1999-02-17,26.22,27.00
1999-02-18,26.50,27.03
1999-02-19,26.39,27.17
1999-02-22,26.95,27.86
1999-02-23,26.91,27.72
1999-02-24,26.75,27.38
1999-02-25,26.44,27.06
1999-02-26,26.52,27.30
1999-03-01,26.39,27.31
1999-03-02,26.31,27.38
1999-03-03,26.31,27.23
1999-03-04,26.67,27.81
1999-03-05,27.08,28.66
1999-03-08,27.20,28.78
1999-03-09,27.23,28.86
1999-03-10,26.94,28.78
1999-03-11,27.20,29.09
1999-03-12,27.44,29.22
1999-03-15,27.67,29.28
1999-03-16,27.80,29.13
1999-03-17,27.33,29.00
1999-03-18,27.80,29.50
1999-03-19,27.63,29.06
1999-03-22,27.61,28.75
1999-03-23,26.83,27.88
1999-03-24,26.81,27.66
1999-03-25,27.02,28.50
1999-03-26,26.92,28.31
1999-03-29,27.27,29.00
1999-03-30,27.03,29.03
1999-03-31,26.44,28.59
1999-04-01,26.48,28.56
1999-04-05,26.63,28.94
1999-04-06,26.33,29.09
1999-04-07,26.30,29.34
1999-04-08,26.91,30.00
1999-04-09,26.97,30.28
1999-04-12,27.42,30.53
1999-04-13,27.52,30.38
1999-04-14,26.69,29.69
1999-04-15,26.03,29.63
1999-04-16,26.14,29.72
1999-04-19,25.05,29.06
1999-04-20,25.52,29.44
1999-04-21,26.33,29.94
1999-04-22,26.66,30.02
1999-04-23,26.61,30.34
1999-04-26,26.42,30.16
1999-04-27,26.45,30.23
1999-04-28,26.06,30.13
1999-04-29,25.86,29.44
1999-04-30,25.52,29.34
1999-05-03,26.11,30.06
1999-05-04,25.89,29.72
1999-05-05,26.14,29.47
1999-05-06,25.80,28.81
1999-05-07,26.02,29.47
1999-05-10,25.61,29.44
1999-05-11,25.72,30.03
1999-05-12,26.09,30.22
1999-05-13,26.22,30.06
1999-05-14,25.75,29.47
1999-05-17,25.92,28.88
1999-05-18,25.58,29.06
1999-05-19,25.94,28.72
1999-05-20,26.00,28.97
1999-05-21,25.92,28.78
1999-05-24,25.25,28.16
1999-05-25,25.00,27.88
1999-05-26,25.00,28.19
1999-05-27,24.88,27.63
1999-05-28,25.25,28.02
1999-06-01,25.34,28.19
1999-06-02,24.95,28.13
1999-06-03,25.19,28.78
1999-06-04,26.06,29.00
1999-06-07,25.84,29.08
1999-06-08,25.48,28.64
1999-06-09,25.34,28.36
1999-06-10,24.88,27.95
1999-06-11,24.63,27.81
1999-06-14,24.70,27.84
1999-06-15,24.77,27.66
1999-06-16,24.95,28.41
1999-06-17,25.16,28.27
1999-06-18,25.05,28.44
1999-06-21,24.77,28.94
1999-06-22,24.91,28.75
1999-06-23,24.64,28.34
1999-06-24,24.56,28.28
1999-06-25,24.55,28.19
1999-06-28,24.56,28.73
1999-06-29,25.00,29.22
1999-06-30,25.59,29.78
1999-07-01,25.78,29.94
1999-07-02,25.88,30.09
1999-07-06,25.86,30.34
1999-07-07,25.75,30.06
1999-07-08,25.55,29.81
1999-07-09,25.67,29.81
1999-07-12,25.63,29.63
1999-07-13,25.72,29.41
1999-07-14,25.64,29.47
1999-07-15,25.92,29.86
1999-07-16,25.88,30.03
1999-07-19,25.66,29.97
1999-07-20,25.44,29.19
1999-07-21,25.55,28.91
1999-07-22,25.27,28.53
1999-07-23,25.08,28.31
1999-07-26,25.31,28.47
1999-07-27,25.39,28.63
1999-07-28,25.16,28.53
1999-07-29,24.78,28.09
1999-07-30,24.64,27.56
1999-08-02,24.64,27.36
1999-08-03,24.83,27.02
1999-08-04,24.38,26.47
1999-08-05,24.44,26.23
1999-08-06,24.03,26.03
1999-08-09,23.97,25.69
1999-08-10,23.89,25.69
1999-08-11,23.64,26.25
1999-08-12,24.08,26.56
1999-08-13,24.25,27.09
1999-08-16,24.39,27.47
1999-08-17,24.52,27.41
1999-08-18,24.17,27.31
1999-08-19,24.33,27.08
1999-08-20,24.81,27.38
1999-08-23,25.36,27.81
1999-08-24,25.25,27.78
1999-08-25,26.00,28.06
1999-08-26,25.58,27.52
1999-08-27,25.25,27.41
1999-08-30,25.28,26.81
1999-08-31,25.06,26.50
1999-09-01,24.97,26.53
1999-09-02,24.94,26.22
1999-09-03,25.38,26.94
1999-09-07,25.19,26.52
1999-09-08,25.20,26.38
1999-09-09,24.84,26.47
1999-09-10,24.88,26.97
1999-09-13,24.84,26.89
1999-09-14,24.44,26.75
1999-09-15,24.25,26.52
1999-09-16,24.31,25.95
1999-09-17,24.30,26.28
1999-09-20,24.39,26.25
1999-09-21,23.97,25.66
1999-09-22,23.95,25.94
1999-09-23,23.39,26.06
1999-09-24,23.27,25.53
1999-09-27,23.19,25.97
1999-09-28,22.84,25.89
1999-09-29,22.25,25.70
1999-09-30,22.75,26.08
1999-10-01,23.13,26.22
1999-10-04,23.39,27.06
1999-10-05,23.11,27.11
1999-10-06,24.02,27.41
1999-10-07,23.83,27.33
1999-10-08,24.47,28.11
1999-10-11,24.50,28.31
1999-10-12,24.03,27.73
1999-10-13,23.56,27.41
1999-10-14,23.63,27.02
1999-10-15,22.77,26.33
1999-10-18,23.19,26.50
1999-10-19,24.17,26.77
1999-10-20,24.27,27.23
1999-10-21,24.44,27.00
1999-10-22,24.59,27.70
1999-10-25,24.31,27.22
1999-10-26,24.00,26.55
1999-10-27,24.30,26.63
1999-10-28,24.73,27.63
1999-10-29,24.83,28.39
1999-11-01,24.88,28.19
1999-11-02,24.39,27.98
1999-11-03,25.02,27.75
1999-11-04,24.91,28.09
1999-11-05,25.09,28.28
1999-11-08,25.06,28.19
1999-11-09,24.63,27.89
1999-11-10,24.64,28.00
1999-11-11,24.64,28.06
1999-11-12,24.81,28.72
1999-11-15,24.70,28.77
1999-11-16,25.17,28.89
1999-11-17,25.05,28.64
1999-11-18,25.17,28.77
1999-11-19,25.00,28.50
1999-11-22,25.27,28.17
1999-11-23,25.20,28.06
1999-11-24,25.50,28.22
1999-11-26,25.25,28.56
1999-11-29,25.23,28.81
1999-11-30,24.91,28.41
1999-12-01,24.81,28.75
1999-12-02,24.94,28.63
1999-12-03,25.11,28.95
1999-12-06,24.39,29.00
1999-12-07,24.00,28.52
1999-12-08,23.63,28.36
1999-12-09,23.59,28.31
1999-12-10,23.72,29.09
1999-12-13,23.22,29.97
1999-12-14,23.19,29.58
1999-12-15,23.59,29.72
1999-12-16,23.00,30.38
1999-12-17,23.00,30.19
1999-12-20,22.70,29.31
1999-12-21,22.48,29.44
1999-12-22,22.92,29.50
1999-12-23,23.31,30.08
1999-12-27,23.47,30.38
1999-12-28,23.28,30.69
1999-12-29,23.00,30.81
1999-12-30,23.02,30.72
1999-12-31,23.03,31.06
2000-01-03,22.75,30.13
2000-01-04,22.11,29.22
2000-01-05,22.50,28.86
2000-01-06,22.92,29.19
2000-01-07,24.38,30.56
2000-01-10,23.83,30.41
2000-01-11,23.83,30.23
2000-01-12,23.95,30.06
2000-01-13,24.08,30.22
2000-01-14,24.16,30.14
2000-01-18,23.75,29.97
2000-01-19,23.92,29.91
2000-01-20,23.59,29.50
2000-01-21,23.33,28.89
2000-01-24,22.66,27.81
2000-01-25,22.38,27.98
2000-01-26,22.58,28.19
2000-01-27,23.00,28.11
2000-01-28,22.81,27.00
2000-01-31,23.23,27.20
2000-02-01,23.00,28.19
2000-02-02,23.05,28.00
2000-02-03,22.73,28.11
2000-02-04,22.72,28.06
2000-02-07,22.69,27.47
2000-02-08,22.97,28.09
2000-02-09,22.77,27.63
2000-02-10,22.00,27.38
2000-02-11,21.58,26.98
2000-02-14,21.69,27.13
2000-02-15,22.17,27.19
2000-02-16,21.86,26.13
2000-02-17,21.53,25.38
2000-02-18,21.28,25.00
2000-02-22,21.63,25.06
2000-02-23,21.16,24.98
2000-02-24,20.72,24.19
2000-02-25,20.20,24.28
2000-02-28,20.59,25.16
2000-02-29,20.52,25.69
2000-03-01,20.33,25.39
2000-03-02,20.38,25.36
2000-03-03,20.27,25.83
2000-03-06,19.78,25.22
2000-03-07,18.72,24.52
2000-03-08,19.30,24.81
2000-03-09,19.81,25.31
2000-03-10,19.58,24.97
2000-03-13,19.27,24.77
2000-03-14,19.16,24.81
2000-03-15,20.38,26.31
2000-03-16,21.50,28.28
2000-03-17,21.09,28.27
2000-03-20,20.91,28.00
2000-03-21,21.30,28.31
2000-03-22,21.13,28.19
2000-03-23,20.95,28.27
2000-03-24,20.58,28.36
2000-03-27,20.31,28.28
2000-03-28,20.55,28.38
2000-03-29,21.05,28.94
2000-03-30,21.33,29.58
2000-03-31,21.22,29.27
2000-04-03,22.19,30.14
2000-04-04,22.81,29.77
2000-04-05,22.50,29.81
2000-04-06,22.09,30.13
2000-04-07,21.81,30.13
2000-04-10,22.36,30.83
2000-04-11,22.75,31.05
2000-04-12,23.02,30.98
2000-04-13,22.86,30.41
2000-04-14,21.73,28.00
2000-04-17,22.36,28.03
2000-04-18,22.50,28.63
2000-04-19,22.77,28.84
2000-04-20,22.75,29.22
2000-04-24,23.38,29.53
2000-04-25,23.27,30.06
2000-04-26,23.00,30.03
2000-04-27,23.00,29.41
2000-04-28,22.34,28.66
2000-05-01,22.63,29.53
2000-05-02,22.69,29.33
2000-05-03,22.69,27.94
2000-05-04,22.69,27.48
2000-05-05,23.22,27.83
2000-05-08,23.70,27.75
2000-05-09,23.81,28.03
2000-05-10,23.66,28.03
2000-05-11,23.63,28.28
2000-05-12,23.31,28.69
2000-05-15,23.89,28.78
2000-05-16,23.78,29.00
2000-05-17,23.86,28.31
2000-05-18,23.81,28.88
2000-05-19,23.98,28.14
2000-05-22,23.91,27.72
2000-05-23,23.78,27.59
2000-05-24,24.30,27.09
2000-05-25,24.23,26.84
2000-05-26,24.31,26.28
2000-05-30,24.17,26.48
2000-05-31,23.94,27.11
2000-06-01,24.00,27.31
2000-06-02,23.17,28.06
2000-06-05,23.14,27.91
2000-06-06,23.22,27.02
2000-06-07,23.47,27.02
2000-06-08,23.47,26.75
2000-06-09,23.73,26.31
2000-06-12,23.70,25.66
2000-06-13,23.97,26.16
2000-06-14,24.28,26.25
2000-06-15,24.73,26.19
2000-06-16,24.22,25.84
2000-06-19,24.27,25.81
2000-06-20,23.84,25.25
2000-06-21,24.31,25.08
2000-06-22,23.78,24.97
2000-06-23,24.06,25.13
2000-06-26,24.38,25.13
2000-06-27,24.75,25.84
2000-06-28,24.75,25.75
2000-06-29,24.97,25.31
2000-06-30,25.23,25.59
2000-07-03,25.28,25.94
2000-07-05,25.34,26.25
2000-07-06,25.38,26.44
2000-07-07,25.20,27.72
2000-07-10,25.44,28.13
2000-07-11,25.45,28.33
2000-07-12,24.94,28.41
2000-07-13,24.56,27.88
2000-07-14,24.28,28.22
2000-07-17,24.41,28.06
2000-07-18,24.44,28.13
2000-07-19,24.47,27.77
2000-07-20,24.06,27.69
2000-07-21,24.13,27.63
2000-07-24,24.63,27.19
2000-07-25,24.19,27.25
2000-07-26,24.20,27.16
2000-07-27,24.38,27.38
2000-07-28,24.58,26.53
2000-07-31,24.31,26.00
2000-08-01,25.13,26.38
2000-08-02,25.11,26.38
2000-08-03,25.11,26.25
2000-08-04,25.06,26.14
2000-08-07,24.75,26.84
2000-08-08,24.86,27.64
2000-08-09,23.84,27.16
2000-08-10,24.27,26.38
2000-08-11,24.44,26.75
2000-08-14,24.52,27.09
2000-08-15,24.47,26.31
2000-08-16,24.72,25.80
2000-08-17,24.58,25.81
2000-08-18,24.28,26.16
2000-08-21,24.53,25.53
2000-08-22,24.44,26.03
2000-08-23,24.59,25.88
2000-08-24,24.44,25.88
2000-08-25,24.53,26.11
2000-08-28,24.45,25.69
2000-08-29,24.08,25.58
2000-08-30,23.97,25.28
2000-08-31,24.02,24.92
2000-09-01,23.88,25.42
2000-09-05,23.80,25.69
2000-09-06,23.50,26.06
2000-09-07,23.72,25.84
2000-09-08,23.70,26.33
2000-09-11,23.81,26.81
2000-09-12,24.00,26.81
2000-09-13,24.00,26.81
2000-09-14,23.75,26.66
2000-09-15,23.63,26.36
2000-09-18,23.66,25.83
2000-09-19,23.69,25.39
2000-09-20,23.50,24.89
2000-09-21,24.13,25.81
2000-09-22,24.94,25.64
2000-09-25,24.72,25.25
2000-09-26,24.50,24.69
2000-09-27,24.52,24.92
2000-09-28,24.89,25.31
2000-09-29,24.98,24.89
2000-10-02,24.94,24.50
2000-10-03,24.94,24.69
2000-10-04,24.73,25.13
2000-10-05,25.31,24.80
2000-10-06,25.17,24.02
2000-10-09,25.06,24.17
2000-10-10,25.42,24.19
2000-10-11,25.39,23.50
2000-10-12,25.55,21.86
2000-10-13,25.23,22.31
2000-10-16,25.59,22.70
2000-10-17,25.81,22.08
2000-10-18,25.80,22.50
2000-10-19,25.33,23.42
2000-10-20,25.50,23.00
2000-10-23,25.77,23.14
2000-10-24,25.84,23.16
2000-10-25,26.45,22.81
2000-10-26,26.50,22.73
2000-10-27,26.20,22.95
2000-10-30,26.81,23.53
2000-10-31,26.72,24.58
2000-11-01,26.69,24.78
2000-11-02,26.48,25.00
2000-11-03,26.34,24.64
2000-11-06,26.84,24.97
2000-11-07,26.58,24.72
2000-11-08,27.19,25.00
2000-11-09,27.22,24.03
2000-11-10,27.36,22.92
2000-11-13,26.55,23.56
2000-11-14,26.88,24.27
2000-11-15,26.94,24.50
2000-11-16,27.00,24.23
2000-11-17,27.00,24.22
2000-11-20,26.92,23.63
2000-11-21,27.38,23.44
2000-11-22,27.28,23.19
2000-11-24,27.00,23.34
2000-11-27,27.55,24.19
2000-11-28,27.84,24.09
2000-11-29,28.13,24.44
2000-11-30,27.64,23.97
2000-12-01,27.23,24.00
2000-12-04,27.75,24.91
2000-12-05,27.53,25.50
2000-12-06,27.00,25.34
2000-12-07,27.39,25.00
2000-12-08,27.28,25.27
2000-12-11,26.91,24.95
2000-12-12,27.02,25.00
2000-12-13,27.63,24.50
2000-12-14,27.42,24.42
2000-12-15,27.22,23.72
2000-12-18,27.38,24.23
2000-12-19,27.64,23.66
2000-12-20,27.70,23.38
2000-12-21,27.61,24.09
2000-12-22,27.50,24.50
2000-12-26,28.05,24.03
2000-12-27,28.23,25.19
2000-12-28,28.66,25.50
2000-12-29,28.56,25.59
2001-01-02,28.19,25.55
2001-01-03,26.89,27.56
2001-01-04,25.83,27.95
2001-01-05,26.00,27.03
2001-01-08,26.17,26.67
2001-01-09,26.45,26.45
2001-01-10,26.30,26.63
2001-01-11,25.78,26.86
2001-01-12,25.75,26.84
2001-01-16,26.11,27.47
2001-01-17,25.81,27.09
2001-01-18,26.02,26.69
2001-01-19,25.81,25.63
2001-01-22,25.97,26.59
2001-01-23,26.14,26.91
2001-01-24,26.05,26.94
2001-01-25,26.59,27.36
2001-01-26,26.33,27.06
2001-01-29,26.11,27.60
2001-01-30,26.41,27.68
2001-01-31,26.48,28.57
2001-02-01,26.71,28.53
2001-02-02,26.88,27.99
2001-02-05,26.86,27.83
2001-02-06,26.98,27.86
2001-02-07,27.03,27.92
2001-02-08,26.95,27.10
2001-02-09,27.17,26.75
2001-02-12,27.40,27.50
2001-02-13,27.03,27.87
2001-02-14,26.78,27.60
2001-02-15,26.54,27.59
2001-02-16,26.63,27.24
2001-02-20,26.76,27.60
2001-02-21,26.68,26.41
2001-02-22,26.48,26.00
2001-02-23,26.28,26.43
2001-02-26,26.53,27.24
2001-02-27,26.55,27.10
2001-02-28,26.64,26.53
2001-03-01,26.39,26.10
2001-03-02,26.64,26.30
2001-03-05,26.54,26.02
2001-03-06,26.00,26.68
2001-03-07,25.83,27.34
2001-03-08,26.05,27.78
2001-03-09,26.21,27.50
2001-03-12,25.40,26.48
2001-03-13,25.27,26.36
2001-03-14,24.65,25.79
2001-03-15,24.68,26.08
2001-03-16,24.31,25.50
2001-03-19,24.59,25.80
2001-03-20,24.00,25.86
2001-03-21,23.40,25.70
2001-03-22,23.16,24.90
2001-03-23,23.71,25.18
2001-03-26,24.03,25.62
2001-03-27,24.57,26.18
2001-03-28,24.64,25.75
2001-03-29,24.70,26.00
2001-03-30,24.72,26.09
2001-04-02,24.39,26.10
2001-04-03,23.94,25.22
2001-04-04,24.25,25.49
2001-04-05,24.50,26.06
2001-04-06,24.42,25.98
2001-04-09,24.63,25.74
2001-04-10,24.60,26.00
2001-04-11,24.13,25.71
2001-04-12,24.45,25.27
2001-04-16,24.45,25.39
2001-04-17,24.99,25.74
2001-04-18,24.75,27.32
2001-04-19,24.65,27.40
2001-04-20,24.38,27.11
2001-04-23,24.50,26.93
2001-04-24,24.05,26.46
2001-04-25,24.69,26.48
2001-04-26,24.92,27.14
2001-04-27,25.06,27.79
2001-04-30,25.20,27.30
2001-05-01,25.48,27.60
2001-05-02,25.33,27.82
2001-05-03,25.20,27.50
2001-05-04,25.42,27.75
2001-05-07,25.41,27.54
2001-05-08,25.32,27.52
2001-05-09,25.45,27.10
2001-05-10,25.32,27.88
2001-05-11,25.18,28.00
2001-05-14,25.40,27.93
2001-05-15,25.25,27.83
2001-05-16,26.02,28.17
2001-05-17,26.15,28.60
2001-05-18,26.01,28.58
2001-05-21,25.99,28.90
2001-05-22,25.73,29.00
2001-05-23,25.50,28.48
2001-05-24,25.61,28.38
2001-05-25,25.40,28.24
2001-05-29,25.61,28.02
2001-05-30,25.75,27.51
2001-05-31,25.57,27.95
2001-06-01,25.91,27.85
2001-06-04,25.95,27.76
2001-06-05,26.22,28.09
2001-06-06,25.80,27.80
2001-06-07,25.98,28.01
2001-06-08,25.83,28.11
2001-06-11,25.47,27.69
2001-06-12,25.77,27.90
2001-06-13,25.57,27.60
2001-06-14,25.55,27.31
2001-06-15,25.32,26.98
2001-06-18,25.40,27.27
2001-06-19,25.48,27.36
2001-06-20,25.62,27.76
2001-06-21,25.84,28.26
2001-06-22,25.12,27.98
2001-06-25,24.99,27.62
2001-06-26,24.99,27.25
2001-06-27,24.80,27.12
2001-06-28,24.96,27.55
2001-06-29,24.31,27.67
2001-07-02,24.87,27.94
2001-07-03,24.67,27.89
2001-07-05,24.52,27.32
2001-07-06,24.23,26.67
2001-07-09,24.60,26.86
2001-07-10,24.40,26.74
2001-07-11,24.27,27.03
2001-07-12,24.12,28.20
2001-07-13,24.30,28.66
2001-07-16,24.12,28.74
2001-07-17,24.48,28.90
2001-07-18,25.18,28.92
2001-07-19,24.94,29.12
2001-07-20,25.28,29.15
2001-07-23,24.69,28.61
2001-07-24,24.50,28.20
2001-07-25,24.68,28.75
2001-07-26,24.69,28.78
2001-07-27,24.69,28.70
2001-07-30,25.00,28.89
2001-07-31,25.05,28.90
2001-08-01,25.05,28.87
2001-08-02,24.90,29.05
2001-08-03,25.08,28.86
2001-08-06,24.95,28.34
2001-08-07,25.00,28.66
2001-08-08,24.90,28.30
2001-08-09,24.98,28.20
2001-08-10,25.07,28.18
2001-08-13,25.29,27.86
2001-08-14,25.25,27.94
2001-08-15,25.20,27.70
2001-08-16,25.45,27.91
2001-08-17,25.46,27.18
2001-08-20,25.43,27.52
2001-08-21,25.66,26.84
2001-08-22,25.77,26.91
2001-08-23,25.69,26.77
2001-08-24,26.00,27.28
2001-08-27,25.95,27.25
2001-08-28,25.64,27.02
2001-08-29,25.25,26.52
2001-08-30,25.36,25.98
2001-08-31,25.17,26.37
2001-09-04,25.20,26.51
2001-09-05,26.10,26.52
2001-09-06,25.30,25.56
2001-09-07,24.90,24.63
2001-09-10,25.45,24.42
2001-09-17,25.43,22.15
2001-09-18,25.12,22.28
2001-09-19,24.80,21.77
2001-09-20,24.30,21.02
2001-09-21,23.51,21.05
2001-09-24,23.83,22.21
2001-09-25,23.95,22.27
2001-09-26,24.36,22.34
2001-09-27,24.84,22.40
2001-09-28,25.06,22.97
2001-10-01,25.27,22.95
2001-10-02,25.45,23.59
2001-10-03,25.24,24.42
2001-10-04,25.15,23.90
2001-10-05,25.42,24.10
2001-10-08,25.37,23.61
2001-10-09,25.24,23.63
2001-10-10,25.55,24.61
2001-10-11,25.37,25.40
2001-10-12,25.35,24.85
2001-10-15,25.46,24.78
2001-10-16,25.32,25.03
2001-10-17,25.11,24.40
2001-10-18,25.30,24.40
2001-10-19,25.60,24.06
2001-10-22,25.85,24.60
2001-10-23,25.52,24.65
2001-10-24,25.47,24.55
2001-10-25,25.71,24.78
2001-10-26,25.62,25.04
2001-10-29,25.46,24.17
2001-10-30,25.19,23.71
2001-10-31,24.90,24.18
2001-11-01,25.48,24.63
2001-11-02,25.44,25.00
2001-11-05,25.49,25.59
2001-11-06,25.54,25.90
2001-11-07,25.57,25.72
2001-11-08,25.33,25.94
2001-11-09,25.39,25.80
2001-11-12,25.43,25.89
2001-11-13,25.43,26.55
2001-11-14,25.30,27.15
2001-11-15,25.45,27.15
2001-11-16,25.68,26.85
2001-11-19,25.75,27.74
2001-11-20,25.72,27.40
2001-11-21,26.05,27.14
2001-11-23,26.13,27.45
2001-11-26,26.15,27.67
2001-11-27,25.86,27.17
2001-11-28,25.55,27.00
2001-11-29,26.04,27.19
2001-11-30,26.00,27.40
2001-12-03,25.99,27.00
2001-12-04,26.00,27.60
2001-12-05,25.76,28.42
2001-12-06,25.70,28.10
2001-12-07,25.82,28.11
2001-12-10,25.32,27.74
2001-12-11,25.05,27.55
2001-12-12,25.10,27.60
2001-12-13,24.85,27.29
2001-12-14,24.75,27.51
2001-12-17,25.38,27.81
2001-12-18,25.24,28.10
2001-12-19,25.55,28.24
2001-12-20,25.59,28.07
2001-12-21,25.76,28.43
2001-12-24,25.76,28.53
2001-12-26,25.82,28.80
2001-12-27,25.66,28.83
2001-12-28,25.55,29.04
2001-12-31,25.40,28.60
2002-01-02,25.31,28.69
2002-01-03,25.23,28.60
2002-01-04,25.16,29.07
2002-01-07,24.97,28.90
2002-01-08,24.84,29.00
2002-01-09,24.93,28.60
2002-01-10,24.97,28.80
2002-01-11,25.03,28.26
2002-01-14,25.23,28.05
2002-01-15,25.26,28.23
2002-01-16,25.02,27.75
2002-01-17,25.25,28.08
2002-01-18,25.15,28.00
2002-01-22,25.43,28.18
2002-01-23,25.52,28.79
2002-01-24,25.15,28.80
2002-01-25,25.10,28.50
2002-01-28,25.10,28.99
2002-01-29,24.79,28.38
2002-01-30,25.09,29.10
2002-01-31,25.23,29.54
2002-02-01,25.25,29.24
2002-02-04,24.98,28.75
2002-02-05,25.27,28.72
2002-02-06,25.15,28.49
2002-02-07,24.88,28.15
2002-02-08,24.94,28.40
2002-02-11,25.34,29.25
2002-02-12,25.33,29.00
2002-02-13,25.49,29.43
2002-02-14,25.49,29.54
2002-02-15,25.50,29.20
2002-02-19,25.18,28.86
2002-02-20,25.69,29.43
2002-02-21,25.37,29.15
2002-02-22,25.79,29.19
2002-02-25,25.83,29.68
2002-02-26,25.82,30.00
2002-02-27,25.85,29.95
2002-02-28,25.76,29.70
2002-03-01,26.25,29.98
2002-03-04,26.26,30.43
2002-03-05,25.80,29.54
2002-03-06,26.01,29.95
2002-03-07,26.00,30.18
2002-03-08,25.91,30.35
2002-03-11,25.91,30.21
2002-03-12,25.90,30.27
2002-03-13,26.10,30.20
2002-03-14,26.03,30.20
2002-03-15,26.43,30.55
2002-03-18,26.35,30.56
2002-03-19,26.45,30.69
2002-03-20,25.93,30.57
2002-03-21,26.13,30.19
2002-03-22,26.16,30.05
2002-03-25,25.90,29.50
2002-03-26,26.10,29.90
2002-03-27,26.02,30.10
2002-03-28,26.10,30.04
2002-04-01,26.05,29.48
2002-04-02,25.87,28.95
2002-04-03,25.89,28.73
2002-04-04,25.59,29.12
2002-04-05,25.38,29.30
2002-04-08,25.46,29.74
2002-04-09,25.44,29.95
2002-04-10,25.86,30.30
2002-04-11,25.51,29.84
2002-04-12,25.65,30.45
2002-04-15,25.63,29.99
2002-04-16,25.90,30.43
2002-04-17,25.52,30.12
2002-04-18,25.78,29.92
2002-04-19,25.83,30.05
2002-04-22,25.68,29.76
2002-04-23,25.47,29.81
2002-04-24,25.36,29.55
2002-04-25,25.44,29.63
2002-04-26,25.28,29.45
2002-04-29,25.02,29.13
2002-04-30,25.13,29.20
2002-05-01,25.49,29.36
2002-05-02,25.49,29.63
2002-05-03,25.25,29.23
2002-05-06,25.07,28.70
2002-05-07,24.72,29.12
2002-05-08,25.17,29.55
2002-05-09,24.91,29.10
2002-05-10,24.86,28.62
2002-05-13,25.11,28.93
2002-05-14,25.21,29.96
2002-05-15,24.84,29.78
2002-05-16,24.87,30.00
2002-05-17,25.16,30.25
2002-05-20,25.04,30.15
2002-05-21,24.83,29.40
2002-05-22,25.05,29.27
2002-05-23,25.13,29.55
2002-05-24,24.84,29.32
2002-05-28,24.75,28.86
2002-05-29,24.83,28.80
2002-05-30,24.72,28.55
2002-05-31,24.85,29.05
2002-06-03,24.28,28.28
2002-06-04,24.25,28.12
2002-06-05,24.53,28.70
2002-06-06,23.98,28.25
2002-06-07,23.98,28.28
2002-06-10,24.25,28.75
2002-06-11,23.60,28.60
2002-06-12,23.58,28.84
2002-06-13,23.51,28.18
2002-06-14,23.61,28.00
2002-06-17,24.06,28.74
2002-06-18,24.00,28.65
2002-06-19,23.91,28.53
2002-06-20,23.70,28.11
2002-06-21,22.99,27.62
2002-06-24,22.76,27.92
2002-06-25,22.29,27.45
2002-06-26,22.25,27.20
2002-06-27,22.42,27.36
2002-06-28,22.25,27.47
2002-07-01,22.47,26.64
2002-07-02,22.32,26.27
2002-07-03,22.17,26.61
2002-07-05,22.46,27.66
2002-07-08,22.42,27.28
2002-07-09,22.05,26.66
2002-07-10,21.60,25.79
2002-07-11,21.24,25.77
2002-07-12,20.79,25.44
2002-07-15,20.49,25.05
2002-07-16,20.17,24.37
2002-07-17,20.26,24.24
2002-07-18,19.80,23.84
2002-07-19,18.88,22.68
2002-07-22,19.04,22.31
2002-07-23,19.13,21.95
2002-07-24,20.11,23.24
2002-07-25,20.36,22.86
2002-07-26,20.45,23.13
2002-07-29,21.04,24.40
2002-07-30,20.83,24.31
2002-07-31,21.30,24.19
2002-08-01,21.10,23.45
2002-08-02,21.06,22.41
2002-08-05,20.77,21.89
2002-08-06,20.79,22.54
2002-08-07,21.27,22.86
2002-08-08,21.76,23.16
2002-08-09,21.86,23.25
2002-08-12,21.79,22.92
2002-08-13,21.58,22.66
2002-08-14,22.29,23.90
2002-08-15,22.09,24.88
2002-08-16,21.99,24.85
2002-08-19,22.16,25.43
2002-08-20,22.06,25.25
2002-08-21,22.03,25.67
2002-08-22,22.14,26.06
2002-08-23,21.79,25.34
2002-08-26,21.84,25.49
2002-08-27,21.78,24.97
2002-08-28,21.55,24.68
2002-08-29,21.31,24.91
2002-08-30,21.47,24.92
2002-09-03,21.00,24.03
2002-09-04,21.17,24.48
2002-09-05,21.16,24.03
2002-09-06,21.16,24.78
2002-09-09,21.58,25.11
2002-09-10,21.57,25.42
2002-09-11,21.53,25.43
2002-09-12,21.25,24.80
2002-09-13,21.37,25.05
2002-09-16,21.68,25.12
2002-09-17,21.13,24.84
2002-09-18,21.14,24.87
2002-09-19,20.53,24.00
2002-09-20,20.40,24.33
2002-09-23,20.32,23.57
2002-09-24,19.99,23.20
2002-09-25,20.15,23.66
2002-09-26,20.61,24.23
2002-09-27,20.00,23.52
2002-09-30,19.79,22.67
2002-10-01,20.38,23.30
2002-10-02,20.27,22.78
2002-10-03,20.22,22.67
2002-10-04,20.00,22.38
2002-10-07,19.96,21.51
2002-10-08,20.38,22.15
2002-10-09,20.12,21.35
2002-10-10,20.21,21.73
2002-10-11,20.44,22.78
2002-10-14,20.78,22.96
2002-10-15,20.96,24.10
2002-10-16,20.52,23.67
2002-10-17,20.61,23.93
2002-10-18,20.85,24.26
2002-10-21,21.37,24.80
2002-10-22,21.00,24.66
2002-10-23,21.00,24.94
2002-10-24,20.69,24.63
2002-10-25,20.83,25.13
2002-10-28,20.37,24.73
2002-10-29,20.66,24.70
2002-10-30,20.75,24.27
2002-10-31,20.56,24.20
2002-11-01,20.82,24.56
2002-11-04,20.35,24.45
2002-11-05,20.55,24.78
2002-11-06,20.47,25.06
2002-11-07,20.42,24.45
2002-11-08,20.29,24.13
2002-11-11,20.23,23.74
2002-11-12,19.63,24.10
2002-11-13,19.92,24.17
2002-11-14,20.19,24.85
2002-11-15,20.33,25.05
2002-11-18,20.24,24.64
2002-11-19,20.36,24.13
2002-11-20,20.34,24.36
2002-11-21,20.09,25.00
2002-11-22,20.09,25.07
2002-11-25,19.96,25.23
2002-11-26,19.83,24.54
2002-11-27,20.11,25.56
2002-11-29,19.99,25.32
2002-12-02,19.83,25.50
2002-12-03,19.95,24.70
2002-12-04,20.25,24.70
2002-12-05,20.05,24.53
2002-12-06,20.21,24.50
2002-12-09,20.15,23.70
2002-12-10,20.42,24.13
2002-12-11,20.30,24.10
2002-12-12,20.17,23.95
2002-12-13,20.18,23.52
2002-12-16,20.28,24.10
2002-12-17,20.07,23.75
2002-12-18,20.04,23.45
2002-12-19,19.78,23.24
2002-12-20,20.01,23.48
2002-12-23,20.07,23.15
2002-12-24,20.07,23.03
2002-12-26,20.06,23.29
2002-12-27,19.90,22.75
2002-12-30,20.02,22.97
2002-12-31,19.94,23.11
2003-01-02,20.32,23.98
2003-01-03,20.30,23.43
2003-01-06,20.45,23.86
2003-01-07,20.27,23.73
2003-01-08,20.15,23.51
2003-01-09,20.35,24.16
2003-01-10,20.41,24.22
2003-01-13,20.46,24.34
2003-01-14,20.52,24.37
2003-01-15,20.32,24.08
2003-01-16,20.62,23.99
2003-01-17,20.50,23.75
2003-01-21,20.35,23.08
2003-01-22,20.11,22.75
2003-01-23,19.97,23.28
2003-01-24,19.53,22.63
2003-01-27,19.27,22.27
2003-01-28,19.33,22.60
2003-01-29,19.12,22.80
2003-01-30,18.77,22.15
2003-01-31,19.26,22.34
2003-02-03,19.33,22.42
2003-02-04,19.34,21.96
2003-02-05,19.20,21.90
2003-02-06,19.05,21.82
2003-02-07,18.92,21.65
2003-02-10,19.05,21.66
2003-02-11,18.69,21.74
2003-02-12,18.69,21.56
2003-02-13,18.71,21.29
2003-02-14,19.05,21.75
2003-02-18,19.18,22.35
2003-02-19,19.03,22.04
2003-02-20,18.84,21.83
2003-02-21,18.95,22.16
2003-02-24,18.69,21.54
2003-02-25,18.83,21.98
2003-02-26,18.73,21.68
2003-02-27,18.75,21.98
2003-02-28,18.67,22.24
2003-03-03,18.52,21.90
2003-03-04,18.36,21.29
2003-03-05,18.22,21.56
2003-03-06,18.10,21.31
2003-03-07,18.12,21.63
2003-03-10,17.82,21.12
2003-03-11,18.00,20.94
2003-03-12,18.14,20.90
2003-03-13,18.54,22.01
2003-03-14,18.51,22.05
2003-03-17,19.04,23.11
2003-03-18,18.90,22.96
2003-03-19,19.22,23.40
2003-03-20,19.18,23.58
2003-03-21,19.49,24.28
2003-03-24,18.97,23.17
2003-03-25,18.98,23.51
2003-03-26,18.91,23.54
2003-03-27,18.95,23.45
2003-03-28,18.75,23.21
2003-03-31,18.57,22.73
2003-04-01,18.51,23.00
2003-04-02,18.90,23.60
2003-04-03,18.77,23.72
2003-04-04,18.85,23.89
2003-04-07,18.75,24.10
2003-04-08,18.97,24.12
2003-04-09,18.82,23.80
2003-04-10,18.88,24.07
2003-04-11,18.92,23.82
2003-04-14,19.25,24.43
2003-04-15,19.32,24.61
2003-04-16,18.77,24.27
2003-04-17,19.10,24.73
2003-04-21,18.96,24.74
2003-04-22,19.30,25.24
2003-04-23,19.26,25.50
2003-04-24,19.13,25.10
2003-04-25,18.84,24.72
2003-04-28,19.11,25.29
2003-04-29,19.28,25.50
2003-04-30,19.12,25.39
2003-05-01,19.10,25.16
2003-05-02,19.25,25.40
2003-05-05,19.13,25.31
2003-05-06,19.23,25.64
2003-05-07,19.28,25.62
2003-05-08,19.19,25.38
2003-05-09,19.43,25.67
2003-05-12,19.60,26.06
2003-05-13,19.51,26.03
2003-05-14,19.36,25.83
2003-05-15,19.51,25.89
2003-05-16,19.40,25.93
2003-05-19,19.21,25.15
2003-05-20,19.33,25.16
2003-05-21,19.48,25.27
2003-05-22,19.74,25.70
2003-05-23,19.64,25.61
2003-05-27,19.83,26.20
2003-05-28,19.95,26.21
2003-05-29,19.85,26.18
2003-05-30,20.06,26.74
2003-06-02,20.02,26.99
2003-06-03,20.22,26.95
2003-06-04,20.37,27.37
2003-06-05,20.39,27.52
2003-06-06,20.32,27.38
2003-06-09,20.28,26.99
2003-06-10,20.34,27.29
2003-06-11,20.49,27.59
2003-06-12,20.56,27.76
2003-06-13,20.36,27.46
2003-06-16,20.77,28.10
2003-06-17,20.64,28.10
2003-06-18,20.61,27.84
2003-06-19,20.38,27.38
2003-06-20,20.29,27.38
2003-06-23,20.18,27.04
2003-06-24,20.40,27.04
2003-06-25,20.11,26.88
2003-06-26,20.24,27.08
2003-06-27,20.13,26.92
2003-06-30,20.16,27.09
2003-07-01,20.33,27.03
2003-07-02,20.46,27.28
2003-07-03,20.34,27.25
2003-07-07,20.49,27.80
2003-07-08,20.51,28.19
2003-07-09,20.24,27.84
2003-07-10,20.16,27.48
2003-07-11,20.30,27.89
2003-07-14,20.25,28.04
2003-07-15,20.36,27.87
2003-07-16,20.15,27.79
2003-07-17,20.08,27.47
2003-07-18,20.26,27.65
2003-07-21,20.09,27.34
2003-07-22,20.30,27.54
2003-07-23,20.21,27.42
2003-07-24,20.07,27.39
2003-07-25,20.23,27.75
2003-07-28,20.11,27.89
2003-07-29,20.00,27.71
2003-07-30,20.13,27.53
2003-07-31,20.13,27.59
2003-08-01,19.93,27.56
2003-08-04,20.01,27.35
2003-08-05,19.77,26.90
2003-08-06,19.89,26.99
2003-08-07,20.06,27.22
2003-08-08,20.18,27.48
2003-08-11,20.15,27.60
2003-08-12,20.31,27.97
2003-08-13,20.24,27.87
2003-08-14,20.35,28.00
2003-08-15,20.42,28.20
2003-08-18,20.46,28.36
2003-08-19,20.35,28.39
2003-08-20,20.28,28.56
2003-08-21,20.35,28.78
2003-08-22,20.17,28.39
2003-08-25,20.29,28.30
2003-08-26,20.32,28.49
2003-08-27,20.40,28.53
2003-08-28,20.46,28.73
2003-08-29,20.47,29.00
2003-09-02,20.70,29.40
2003-09-03,20.75,29.39
2003-09-04,20.85,29.48
2003-09-05,20.63,29.19
2003-09-08,20.69,29.20
2003-09-09,20.46,28.63
2003-09-10,20.45,28.27
2003-09-11,20.56,28.50
2003-09-12,20.61,28.40
2003-09-15,20.59,28.50
2003-09-16,20.60,28.92
2003-09-17,20.70,28.91
2003-09-18,20.83,29.10
2003-09-19,20.71,28.89
2003-09-22,20.54,28.45
2003-09-23,20.66,28.71
2003-09-24,20.48,28.15
2003-09-25,20.46,28.04
2003-09-26,20.41,27.73
2003-09-29,20.41,27.69
2003-09-30,20.32,27.58
2003-10-01,20.69,28.34
2003-10-02,20.69,28.49
2003-10-03,20.85,28.81
2003-10-06,20.92,29.02
2003-10-07,21.03,29.14
2003-10-08,20.97,28.93
2003-10-09,21.00,29.30
2003-10-10,20.99,29.36
2003-10-13,21.07,29.66
2003-10-14,21.18,29.82
2003-10-15,21.15,29.70
2003-10-16,21.18,29.83
2003-10-17,21.05,29.41
2003-10-20,21.06,29.38
2003-10-21,21.03,29.47
2003-10-22,20.93,29.06
2003-10-23,20.93,29.06
2003-10-24,20.91,29.09
2003-10-27,20.90,29.41
2003-10-28,21.13,30.07
2003-10-29,21.23,30.01
2003-10-30,21.20,30.11
2003-10-31,21.24,30.09
2003-11-03,21.43,30.32
2003-11-04,21.30,30.14
2003-11-05,21.27,30.11
2003-11-06,21.40,30.33
2003-11-07,21.40,30.41
2003-11-10,21.34,30.05
2003-11-11,21.36,30.00
2003-11-12,21.52,30.30
2003-11-13,21.27,30.19
2003-11-14,21.15,29.86
2003-11-17,21.17,29.59
2003-11-18,21.09,29.21
2003-11-19,21.20,29.40
2003-11-20,21.05,29.37
2003-11-21,21.10,29.50
2003-11-24,21.39,30.09
2003-11-25,21.44,30.38
2003-11-26,21.41,30.37
2003-11-28,21.49,30.36
2003-12-01,21.45,30.65
2003-12-02,21.26,30.42
2003-12-03,21.27,30.30
2003-12-04,21.36,30.23
2003-12-05,21.29,29.92
2003-12-08,21.34,30.05
2003-12-09,21.26,29.90
2003-12-10,21.28,29.76
2003-12-11,21.27,30.22
2003-12-12,21.41,30.38
2003-12-15,21.27,30.25
2003-12-16,21.48,30.18
2003-12-17,21.46,30.46
2003-12-18,21.57,30.85
2003-12-19,21.40,30.86
2003-12-22,21.52,30.96
2003-12-23,21.53,31.06
2003-12-24,21.46,30.94
2003-12-26,21.48,31.08
2003-12-29,21.62,31.36
2003-12-30,21.65,31.26
2003-12-31,21.78,31.49
2004-01-02,21.52,31.22
2004-01-05,21.66,31.49
2004-01-06,21.71,31.61
2004-01-07,21.62,31.75
2004-01-08,21.59,31.65
2004-01-09,21.43,31.52
2004-01-12,21.53,31.45
2004-01-13,21.50,31.40
2004-01-14,21.58,31.65
2004-01-15,21.60,31.74
2004-01-16,21.59,31.74
2004-01-20,21.52,31.51
2004-01-21,21.61,31.90
2004-01-22,21.54,32.15
2004-01-23,21.72,32.05
2004-01-26,21.93,32.11
2004-01-27,21.82,31.89
2004-01-28,21.60,31.13
2004-01-29,21.90,31.33
2004-01-30,21.78,31.31
2004-02-02,21.87,31.22
2004-02-03,21.98,31.05
2004-02-04,22.11,31.01
2004-02-05,22.25,31.25
2004-02-06,22.42,31.58
2004-02-09,22.45,31.62
2004-02-10,22.54,31.89
2004-02-11,22.51,32.21
2004-02-12,22.55,32.05
2004-02-13,22.41,31.73
2004-02-17,22.61,32.14
2004-02-18,22.58,31.95
2004-02-19,22.69,31.98
2004-02-20,22.87,31.74
2004-02-23,23.00,31.51
2004-02-24,22.86,31.57
2004-02-25,22.93,31.74
2004-02-26,22.93,31.94
2004-02-27,23.02,31.99
2004-03-01,23.28,32.19
2004-03-02,23.05,32.10
2004-03-03,23.17,32.13
2004-03-04,23.12,32.26
2004-03-05,23.13,32.49
2004-03-08,23.12,32.04
2004-03-09,23.12,31.83
2004-03-10,23.06,31.44
2004-03-11,22.62,30.86
2004-03-12,22.62,31.35
2004-03-15,22.40,30.73
2004-03-16,22.44,31.00
2004-03-17,22.71,31.44
2004-03-18,22.70,31.36
2004-03-19,22.57,31.14
2004-03-22,22.27,30.66
2004-03-23,22.23,30.60
2004-03-24,22.29,30.75
2004-03-25,22.60,31.29
2004-03-26,22.47,31.26
2004-03-29,22.74,31.55
2004-03-30,22.88,31.79
2004-03-31,22.88,31.75
2004-04-01,22.79,31.89
2004-04-02,22.82,32.18
2004-04-05,22.90,32.51
2004-04-06,23.01,32.44
2004-04-07,22.95,32.20
2004-04-08,22.83,32.00
2004-04-12,22.92,32.27
2004-04-13,22.69,31.67
2004-04-14,22.85,31.62
2004-04-15,22.92,31.59
2004-04-16,23.08,31.89
2004-04-19,23.15,31.91
2004-04-20,22.97,31.71
2004-04-21,23.02,31.75
2004-04-22,23.25,32.39
2004-04-23,23.27,32.26
2004-04-26,23.22,32.00
2004-04-27,23.28,32.22
2004-04-28,23.01,31.84
2004-04-29,23.13,31.63
2004-04-30,23.18,31.39
2004-05-03,23.32,31.55
2004-05-04,23.22,31.49
2004-05-05,23.26,31.56
2004-05-06,23.16,31.09
2004-05-07,22.94,30.34
2004-05-10,22.83,29.96
2004-05-11,22.79,30.40
2004-05-12,22.67,30.50
2004-05-13,22.63,30.40
2004-05-14,22.72,30.41
2004-05-17,22.57,29.93
2004-05-18,22.70,30.40
2004-05-19,22.58,30.27
2004-05-20,22.66,30.34
2004-05-21,22.67,30.49
2004-05-24,22.58,30.81
2004-05-25,22.85,31.43
2004-05-26,22.87,31.45
2004-05-27,23.14,31.59
2004-05-28,23.05,31.59
2004-06-01,23.05,31.56
2004-06-02,23.24,31.68
2004-06-03,23.19,31.48
2004-06-04,23.23,31.61
2004-06-07,23.43,32.05
2004-06-08,23.54,32.16
2004-06-09,23.45,31.92
2004-06-10,23.45,32.05
2004-06-14,23.33,31.64
2004-06-15,23.44,31.83
2004-06-16,23.41,31.86
2004-06-17,23.32,31.94
2004-06-18,23.23,31.89
2004-06-21,23.20,31.78
2004-06-22,23.21,31.64
2004-06-23,23.24,31.89
2004-06-24,23.15,31.90
2004-06-25,22.93,31.87
2004-06-28,22.93,31.81
2004-06-29,22.95,31.57
2004-06-30,23.09,31.63
2004-07-01,22.86,31.44
2004-07-02,22.86,31.27
2004-07-06,22.87,31.07
2004-07-07,22.89,30.98
2004-07-08,22.86,30.56
2004-07-09,22.92,30.73
2004-07-12,22.95,30.81
2004-07-13,22.98,30.93
2004-07-14,22.97,30.80
2004-07-15,22.82,30.65
2004-07-16,22.81,30.31
2004-07-19,22.82,30.19
2004-07-20,22.83,30.53
2004-07-21,22.52,30.26
2004-07-22,22.45,30.31
2004-07-23,22.12,30.13
2004-07-26,22.04,29.87
2004-07-27,22.27,30.38
2004-07-28,22.21,30.25
2004-07-29,21.95,30.40
2004-07-30,21.95,30.43
2004-08-02,22.17,30.61
2004-08-03,22.08,30.30
2004-08-04,22.13,30.14
2004-08-05,21.87,29.61
2004-08-06,21.60,29.18
2004-08-09,21.68,29.14
2004-08-10,21.85,29.57
2004-08-11,22.02,29.36
2004-08-12,21.97,28.96
2004-08-13,22.07,29.03
2004-08-16,22.21,29.72
2004-08-17,22.23,30.10
2004-08-18,22.38,30.36
2004-08-19,22.27,30.22
2004-08-20,22.37,30.49
2004-08-23,22.29,30.33
2004-08-24,22.30,30.41
2004-08-25,22.43,30.64
2004-08-26,22.47,30.63
2004-08-27,22.43,30.63
2004-08-30,22.32,30.39
2004-08-31,22.34,30.37
2004-09-01,22.34,30.47
2004-09-02,22.60,30.95
2004-09-03,22.70,30.92
2004-09-07,22.70,31.13
2004-09-08,22.46,31.03
2004-09-09,22.37,30.87
2004-09-10,22.39,31.15
2004-09-13,22.41,31.25
2004-09-14,22.42,31.39
2004-09-15,22.20,31.21
2004-09-16,22.08,31.40
2004-09-17,22.09,31.42
2004-09-20,21.72,31.18
2004-09-21,21.64,31.42
2004-09-22,21.43,31.00
2004-09-23,21.55,31.11
2004-09-24,21.53,31.20
2004-09-27,21.44,30.98
2004-09-28,21.55,30.96
2004-09-29,21.61,31.07
2004-09-30,21.66,31.20
2004-10-01,21.88,31.59
2004-10-04,21.83,31.89
2004-10-05,21.83,31.85
2004-10-06,21.93,32.02
2004-10-07,21.76,31.79
2004-10-08,21.61,31.54
2004-10-11,21.60,31.66
2004-10-12,21.54,31.58
2004-10-13,21.45,31.48
2004-10-14,21.37,31.21
2004-10-15,21.51,31.43
2004-10-18,21.59,31.65
2004-10-19,21.46,31.45
2004-10-20,21.52,31.28
2004-10-21,21.52,31.56
2004-10-22,21.38,31.29
2004-10-25,21.26,31.26
2004-10-26,21.49,31.78
2004-10-27,21.72,32.32
2004-10-28,21.82,32.50
2004-10-29,21.80,32.46
2004-11-01,21.75,32.59
2004-11-02,21.89,32.71
2004-11-03,22.06,32.79
2004-11-04,22.65,33.51
2004-11-05,22.75,33.63
2004-11-08,22.71,33.65
2004-11-09,22.70,33.68
2004-11-10,22.73,33.68
2004-11-11,22.90,33.99
2004-11-12,22.97,34.21
2004-11-15,23.04,34.31
2004-11-16,22.89,33.99
2004-11-17,22.91,34.02
2004-11-18,22.90,34.18
2004-11-19,22.65,33.75
2004-11-22,22.80,33.96
2004-11-23,22.75,34.15
2004-11-24,22.74,34.38
2004-11-26,22.74,34.42
2004-11-29,22.51,34.19
2004-11-30,22.34,33.82
2004-12-01,22.64,34.35
2004-12-02,22.85,34.39
2004-12-03,22.81,34.28
2004-12-06,22.66,34.22
2004-12-07,22.60,33.98
2004-12-08,22.61,34.18
2004-12-09,22.87,34.44
2004-12-10,22.91,34.40
2004-12-13,22.96,34.52
2004-12-14,23.17,34.70
2004-12-15,23.16,34.85
2004-12-16,23.10,34.79
2004-12-17,22.83,34.53
2004-12-20,22.84,34.49
2004-12-21,23.00,34.68
2004-12-22,23.09,34.92
2004-12-23,23.04,34.86
2004-12-27,23.02,34.88
2004-12-28,23.16,35.29
2004-12-29,23.11,35.32
2004-12-30,23.16,35.42
2004-12-31,23.08,35.29
2005-01-03,23.08,35.06
2005-01-04,23.00,34.65
2005-01-05,22.88,34.52
2005-01-06,22.99,34.34
2005-01-07,23.10,34.33
2005-01-10,23.24,34.46
2005-01-11,23.14,34.24
2005-01-12,23.21,34.44
2005-01-13,23.06,34.19
2005-01-14,23.19,34.51
2005-01-18,23.43,34.80
2005-01-19,23.39,34.45
2005-01-20,23.37,33.83
2005-01-21,23.17,33.71
2005-01-24,23.08,33.38
2005-01-25,23.17,33.47
2005-01-26,23.15,33.65
2005-01-27,23.28,33.58
2005-01-28,23.29,33.42
2005-01-31,23.35,33.78
2005-02-01,23.36,33.81
2005-02-02,23.55,33.91
2005-02-03,23.57,33.79
2005-02-04,23.64,34.15
2005-02-07,23.59,34.24
2005-02-08,23.62,34.16
2005-02-09,23.41,33.78
2005-02-10,23.40,33.92
2005-02-11,23.54,34.09
2005-02-14,23.55,34.04
2005-02-15,23.59,34.31
2005-02-16,23.65,34.25
2005-02-17,23.50,34.08
2005-02-18,23.47,34.01
2005-02-22,23.12,33.34
2005-02-23,23.18,33.55
2005-02-24,23.29,33.58
2005-02-25,23.37,33.74
2005-02-28,23.32,33.60
2005-03-01,23.51,33.98
2005-03-02,23.45,34.00
2005-03-03,23.61,33.96
2005-03-04,23.73,34.25
2005-03-07,23.66,34.28
2005-03-08,23.55,34.10
2005-03-09,23.38,33.72
2005-03-10,23.43,33.78
2005-03-11,23.25,33.74
2005-03-14,23.32,33.79
2005-03-15,23.18,33.83
2005-03-16,23.12,33.63
2005-03-17,23.20,33.66
2005-03-18,23.03,33.42
2005-03-21,22.90,33.26
2005-03-22,22.77,32.98
2005-03-23,22.92,32.87
2005-03-24,22.91,32.92
2005-03-28,22.93,33.15
2005-03-29,22.88,32.73
2005-03-30,23.18,33.26
2005-03-31,23.02,33.16
2005-04-01,22.80,32.90
2005-04-04,22.93,32.99
2005-04-05,23.10,33.19
2005-04-06,23.04,33.05
2005-04-07,23.20,33.20
2005-04-08,23.09,32.94
2005-04-11,23.15,32.76
2005-04-12,23.24,33.07
2005-04-13,23.13,32.57
2005-04-14,23.08,32.12
2005-04-15,22.86,31.47
2005-04-18,22.71,31.53
2005-04-19,22.77,31.57
2005-04-20,22.48,31.05
2005-04-21,22.86,31.82
2005-04-22,22.62,31.34
2005-04-25,22.86,31.62
2005-04-26,22.69,31.40
2005-04-27,22.77,31.44
2005-04-28,22.72,30.98
2005-04-29,22.78,31.05
2005-05-02,22.95,31.21
2005-05-03,23.05,31.33
2005-05-04,23.20,32.00
2005-05-05,23.16,31.81
2005-05-06,23.07,31.81
2005-05-09,23.21,31.99
2005-05-10,23.08,31.60
2005-05-11,23.16,31.59
2005-05-12,23.05,31.43
2005-05-13,22.85,31.41
2005-05-16,23.07,31.80
2005-05-17,23.19,32.07
2005-05-18,23.41,32.70
2005-05-19,23.55,32.96
2005-05-20,23.52,32.87
2005-05-23,23.56,33.08
2005-05-24,23.52,33.02
2005-05-25,23.44,32.92
2005-05-26,23.46,33.09
2005-05-27,23.39,33.09
2005-05-31,23.31,32.97
2005-06-01,23.47,33.11
2005-06-02,23.53,33.28
2005-06-03,23.34,33.04
2005-06-06,23.35,33.09
2005-06-07,23.44,33.14
2005-06-08,23.38,33.00
2005-06-09,23.39,33.13
2005-06-10,23.37,33.13
2005-06-13,23.45,33.18
2005-06-14,23.41,33.53
2005-06-15,23.42,33.53
2005-06-16,23.35,33.60
2005-06-17,23.30,33.69
2005-06-20,23.29,33.71
2005-06-21,23.24,33.73
2005-06-22,23.26,33.72
2005-06-23,22.97,33.13
2005-06-24,22.74,32.84
2005-06-27,22.72,32.69
2005-06-28,23.01,33.15
2005-06-29,22.95,32.95
2005-06-30,22.75,32.78
2005-07-01,22.83,32.86
2005-07-05,22.96,33.17
2005-07-06,22.74,32.87
2005-07-07,22.70,32.97
2005-07-08,23.00,33.48
2005-07-11,23.13,33.66
2005-07-12,23.15,33.88
2005-07-13,23.24,33.79
2005-07-14,23.37,33.97
2005-07-15,23.36,34.11
2005-07-18,23.25,34.14
2005-07-19,23.21,34.35
2005-07-20,23.30,34.48
2005-07-21,23.21,34.40
2005-07-22,23.28,34.57
2005-07-25,23.20,34.30
2005-07-26,23.32,34.58
2005-07-27,23.38,34.67
2005-07-28,23.58,35.02
2005-07-29,23.48,34.64
2005-08-01,23.36,34.65
2005-08-02,23.44,34.82
2005-08-03,23.49,34.67
2005-08-04,23.29,34.37
2005-08-05,23.14,34.11
2005-08-08,23.10,34.03
2005-08-09,23.14,34.41
2005-08-10,23.10,34.39
2005-08-11,23.16,34.54
2005-08-12,23.08,34.45
2005-08-15,23.19,34.70
2005-08-16,22.96,33.98
2005-08-17,22.95,34.18
2005-08-18,23.21,34.04
2005-08-19,23.18,33.87
2005-08-22,23.25,33.85
2005-08-23,23.19,33.74
2005-08-24,22.98,33.50
2005-08-25,23.01,33.59
2005-08-26,22.95,33.45
2005-08-29,23.11,33.55
2005-08-30,22.99,33.21
2005-08-31,23.07,33.50
2005-09-01,23.04,33.17
2005-09-02,23.08,33.05
2005-09-06,23.33,33.62
2005-09-07,23.35,33.86
2005-09-08,23.26,33.54
2005-09-09,23.36,33.82
2005-09-12,23.41,33.91
2005-09-13,23.19,33.42
2005-09-14,23.04,33.11
2005-09-15,23.13,33.17
2005-09-16,23.08,33.14
2005-09-19,22.94,32.74
2005-09-20,22.80,32.17
2005-09-21,22.52,31.66
2005-09-22,22.69,32.17
2005-09-23,22.73,32.29
2005-09-26,22.65,32.25
2005-09-27,22.89,32.24
2005-09-28,22.92,31.95
2005-09-29,23.12,32.27
2005-09-30,23.28,32.49
2005-10-03,23.25,32.40
2005-10-04,23.15,32.18
2005-10-05,22.99,31.64
2005-10-06,22.86,31.67
2005-10-07,22.84,31.70
2005-10-10,22.76,31.46
2005-10-11,22.76,31.34
2005-10-12,22.68,30.99
2005-10-13,22.62,31.08
2005-10-14,22.75,31.39
2005-10-17,23.00,31.45
2005-10-18,22.83,31.12
2005-10-19,23.07,31.71
2005-10-20,22.89,31.32
2005-10-21,22.87,31.28
2005-10-24,23.07,31.82
2005-10-25,22.99,31.59
2005-10-26,22.92,31.40
2005-10-27,22.70,30.77
2005-10-28,23.08,31.31
2005-10-31,23.17,31.83
2005-11-01,23.04,31.85
2005-11-02,23.10,32.41
2005-11-03,23.19,32.42
2005-11-04,23.18,32.54
2005-11-07,23.23,32.80
2005-11-08,23.16,32.43
2005-11-09,23.20,32.42
2005-11-10,23.47,32.91
2005-11-11,23.50,33.01
2005-11-14,23.41,33.03
2005-11-15,23.29,32.54
2005-11-16,23.35,32.52
2005-11-17,23.34,32.95
2005-11-18,23.40,33.17
2005-11-21,23.43,33.29
2005-11-22,23.59,33.44
2005-11-23,23.68,33.68
2005-11-25,23.70,33.68
2005-11-28,23.59,33.37
2005-11-29,23.57,33.32
2005-11-30,23.38,33.10
2005-12-01,23.54,33.48
2005-12-02,23.53,33.59
2005-12-05,23.44,33.39
2005-12-06,23.42,33.49
2005-12-07,23.36,33.46
2005-12-08,23.32,33.32
2005-12-09,23.36,33.37
2005-12-12,23.41,33.41
2005-12-13,23.70,33.56
2005-12-14,23.90,33.73
2005-12-15,23.94,33.66
2005-12-16,23.80,33.41
2005-12-19,23.76,33.05
2005-12-20,23.62,32.98
2005-12-21,23.69,33.01
2005-12-22,23.71,33.02
2005-12-23,23.67,33.08
2005-12-27,23.51,32.80
2005-12-28,23.54,32.86
2005-12-29,23.48,32.85
2005-12-30,23.29,32.65
2006-01-03,23.44,33.00
2006-01-04,23.52,33.03
2006-01-05,23.40,33.06
2006-01-06,23.50,33.33
2006-01-09,23.61,33.67
2006-01-10,23.55,33.68
2006-01-11,23.57,33.85
2006-01-12,23.51,33.55
2006-01-13,23.48,33.56
2006-01-17,23.39,33.38
2006-01-18,23.49,33.27
2006-01-19,23.51,33.52
2006-01-20,23.17,32.95
2006-01-23,23.19,32.93
2006-01-24,23.27,33.26
2006-01-25,23.29,33.14
2006-01-26,23.34,33.28
2006-01-27,23.53,33.43
2006-01-30,23.44,33.35
2006-01-31,23.33,33.23
2006-02-01,23.39,33.34
2006-02-02,23.38,33.30
2006-02-03,23.23,33.14
2006-02-06,23.18,33.13
2006-02-07,23.07,32.93
2006-02-08,23.17,33.16
2006-02-09,23.24,33.15
2006-02-10,23.21,33.27
2006-02-13,23.18,33.19
2006-02-14,23.47,33.56
2006-02-15,23.62,33.71
2006-02-16,23.73,33.82
2006-02-17,23.63,33.62
2006-02-21,23.60,33.44
2006-02-22,23.79,33.69
2006-02-23,23.80,33.51
2006-02-24,23.68,33.45
2006-02-27,23.85,33.75
2006-02-28,23.53,33.47
2006-03-01,23.62,33.72
2006-03-02,23.49,33.50
2006-03-03,23.55,33.48
2006-03-06,23.47,33.27
2006-03-07,23.63,33.12
2006-03-08,23.89,33.18
2006-03-09,23.93,33.05
2006-03-10,24.15,33.36
2006-03-13,24.17,33.35
2006-03-14,24.11,33.71
2006-03-15,24.02,33.90
2006-03-16,24.10,33.97
2006-03-17,23.96,34.02
2006-03-20,24.10,33.94
2006-03-21,23.94,33.75
2006-03-22,24.16,33.86
2006-03-23,23.98,33.84
2006-03-24,23.98,33.79
2006-03-27,23.90,33.78
2006-03-28,23.71,33.60
2006-03-29,23.88,33.90
2006-03-30,23.69,33.76
2006-03-31,23.60,33.66
2006-04-03,23.68,33.54
2006-04-04,23.66,33.73
2006-04-05,23.71,33.95
2006-04-06,23.62,34.02
2006-04-07,23.41,33.87
2006-04-10,23.44,33.82
2006-04-11,23.22,33.55
2006-04-12,23.30,33.52
2006-04-13,23.26,33.60
2006-04-17,23.13,33.43
2006-04-18,23.35,33.92
2006-04-19,23.38,33.80
2006-04-20,23.42,33.93
2006-04-21,23.42,33.67
2006-04-24,23.52,33.66
2006-04-25,23.52,33.61
2006-04-26,23.74,33.84
2006-04-27,23.77,34.11
2006-04-28,23.83,34.09
2006-05-01,23.82,33.90
2006-05-02,23.96,33.93
2006-05-03,23.80,34.02
2006-05-04,23.84,34.21
2006-05-05,24.06,34.61
2006-05-08,24.19,34.66
2006-05-09,24.26,34.76
2006-05-10,24.16,34.78
2006-05-11,23.86,34.43
2006-05-12,23.67,34.09
2006-05-15,23.93,34.18
2006-05-16,24.02,33.94
2006-05-17,23.72,33.47
2006-05-18,23.60,33.45
2006-05-19,23.62,33.68
2006-05-22,23.69,33.44
2006-05-23,23.68,33.19
2006-05-24,23.86,33.24
2006-05-25,24.09,33.56
2006-05-26,24.09,33.67
2006-05-30,23.79,33.16
2006-05-31,23.88,33.52
2006-06-01,24.01,34.04
2006-06-02,23.96,33.97
2006-06-05,23.62,33.43
2006-06-06,23.69,33.26
2006-06-07,23.68,33.27
2006-06-08,23.76,33.22
2006-06-09,23.78,33.14
2006-06-12,23.64,32.70
2006-06-13,23.56,32.44
2006-06-14,23.66,32.59
2006-06-15,23.85,33.30
2006-06-16,23.75,33.15
2006-06-19,23.66,32.97
2006-06-20,23.83,32.85
2006-06-21,23.92,33.17
2006-06-22,23.88,32.91
2006-06-23,23.80,32.88
2006-06-26,23.93,33.05
2006-06-27,23.82,32.63
2006-06-28,23.93,32.66
2006-06-29,24.31,33.37
2006-06-30,24.19,33.39
2006-07-03,24.33,33.44
2006-07-05,24.13,33.13
2006-07-06,24.41,33.15
2006-07-07,24.36,32.90
2006-07-10,24.51,32.94
2006-07-11,24.64,32.91
2006-07-12,24.44,32.39
2006-07-13,24.24,31.80
2006-07-14,24.00,31.39
2006-07-17,24.06,31.61
2006-07-18,24.17,31.42
2006-07-19,24.47,32.05
2006-07-20,24.49,31.63
2006-07-21,24.44,31.34
2006-07-24,24.62,32.02
2006-07-25,24.74,32.31
2006-07-26,24.62,31.94
2006-07-27,24.46,31.87
2006-07-28,24.69,32.26
2006-07-31,24.57,32.28
2006-08-01,24.45,31.98
2006-08-02,24.67,32.24
2006-08-03,24.73,32.44
2006-08-04,24.74,32.45
2006-08-07,24.68,32.38
2006-08-08,24.79,32.05
2006-08-09,24.63,31.61
2006-08-10,24.89,32.04
2006-08-11,24.84,32.03
2006-08-14,24.89,32.12
2006-08-15,25.05,32.57
2006-08-16,25.08,32.90
2006-08-17,25.04,33.10
2006-08-18,25.19,33.09
2006-08-21,25.25,32.73
2006-08-22,25.23,32.70
2006-08-23,25.15,32.41
2006-08-24,25.28,32.24
2006-08-25,25.24,32.24
2006-08-28,25.34,32.56
2006-08-29,25.43,32.80
2006-08-30,25.50,32.82
2006-08-31,25.52,32.92
2006-09-01,25.66,33.19
2006-09-05,25.57,33.29
2006-09-06,25.50,32.88
2006-09-07,25.41,32.99
2006-09-08,25.54,33.29
2006-09-11,25.73,33.55
2006-09-12,25.74,34.33
2006-09-13,25.55,34.47
2006-09-14,25.68,34.38
2006-09-15,25.58,34.46
2006-09-18,25.48,34.28
2006-09-19,25.54,34.35
2006-09-20,25.69,34.60
2006-09-21,25.46,34.41
2006-09-22,25.48,34.38
2006-09-25,25.32,34.91
2006-09-26,25.35,35.21
2006-09-27,25.51,35.15
2006-09-28,25.45,35.14
2006-09-29,25.38,34.95
2006-10-02,25.21,35.03
2006-10-03,25.24,35.33
2006-10-04,25.51,35.84
2006-10-05,25.41,35.94
2006-10-06,25.27,35.87
2006-10-09,25.36,36.12
2006-10-10,25.27,36.34
2006-10-11,25.31,36.25
2006-10-12,25.35,36.73
2006-10-13,25.30,36.63
2006-10-16,25.34,36.60
2006-10-17,25.29,36.47
2006-10-18,25.39,36.50
2006-10-19,25.45,36.48
2006-10-20,25.54,36.43
2006-10-23,25.79,36.91
2006-10-24,25.71,37.05
2006-10-25,25.88,36.92
2006-10-26,26.05,37.43
2006-10-27,25.96,37.06
2006-10-30,25.85,37.29
2006-10-31,25.83,37.21
2006-11-01,25.63,36.92
2006-11-02,25.59,36.88
2006-11-03,25.47,36.60
2006-11-06,25.56,37.05
2006-11-07,25.60,37.15
2006-11-08,25.69,37.33
2006-11-09,25.54,37.21
2006-11-10,25.55,37.33
2006-11-13,25.47,37.38
2006-11-14,25.54,37.79
2006-11-15,25.67,37.93
2006-11-16,25.85,38.18
2006-11-17,25.89,38.11
2006-11-20,25.81,37.96
2006-11-21,25.77,38.07
2006-11-22,25.83,38.15
2006-11-24,25.73,37.95
2006-11-27,25.41,37.40
2006-11-28,25.52,37.38
2006-11-29,25.74,37.64
2006-11-30,25.61,37.68
2006-12-01,25.53,37.63
2006-12-04,25.90,38.03
2006-12-05,26.04,38.35
2006-12-06,26.07,38.32
2006-12-07,26.02,38.14
2006-12-08,26.07,38.22
2006-12-11,26.12,38.36
2006-12-12,26.06,38.15
2006-12-13,26.05,38.35
2006-12-14,26.15,38.75
2006-12-15,26.06,38.45
2006-12-18,26.04,38.42
2006-12-19,26.06,38.44
2006-12-20,26.08,38.43
2006-12-21,26.09,38.26
2006-12-22,26.07,38.23
2006-12-26,26.17,38.35
2006-12-27,26.26,38.60
2006-12-28,26.25,38.56
2006-12-29,26.12,38.36
2007-01-03,26.29,38.52
2007-01-04,26.33,38.51
2007-01-05,26.14,38.25
2007-01-08,26.18,38.31
2007-01-09,26.24,38.52
2007-01-10,26.35,38.72
2007-01-11,26.55,39.15
2007-01-12,26.51,39.26
2007-01-16,26.53,39.40
2007-01-17,26.61,39.40
2007-01-18,26.57,39.62
2007-01-19,26.61,39.61
2007-01-22,26.58,39.36
2007-01-23,26.63,39.50
2007-01-24,26.73,39.65
2007-01-25,26.56,39.02
2007-01-26,26.49,38.83
2007-01-29,26.56,38.93
2007-01-30,26.54,39.04
2007-01-31,26.65,39.46
2007-02-01,26.75,39.60
2007-02-02,26.80,39.71
2007-02-05,26.71,39.58
2007-02-06,26.67,39.72
2007-02-07,26.61,39.91
2007-02-08,26.56,39.83
2007-02-09,26.52,39.46
2007-02-12,26.46,39.27
2007-02-13,26.55,39.62
2007-02-14,26.71,39.82
2007-02-15,26.87,39.95
2007-02-16,26.91,39.90
2007-02-20,27.05,40.19
2007-02-21,26.90,40.03
2007-02-22,26.80,39.94
2007-02-23,26.82,39.85
2007-02-26,26.81,39.51
2007-02-27,26.20,38.15
2007-02-28,26.30,38.23
2007-03-01,26.30,38.06
2007-03-02,25.89,37.78
2007-03-05,25.80,37.28
2007-03-06,26.00,37.92
2007-03-07,25.90,37.88
2007-03-08,26.14,38.18
2007-03-09,26.22,38.26
2007-03-12,26.25,38.21
2007-03-13,25.75,37.51
2007-03-14,25.80,37.44
2007-03-15,26.13,37.52
2007-03-16,25.93,37.32
2007-03-19,26.10,37.87
2007-03-20,26.35,38.15
2007-03-21,26.60,38.75
2007-03-22,26.73,38.64
2007-03-23,26.79,38.66
2007-03-26,26.60,38.47
2007-03-27,26.48,38.23
2007-03-28,26.43,37.80
2007-03-29,26.58,37.93
2007-03-30,26.65,38.03
2007-04-02,26.72,38.16
2007-04-03,26.90,38.65
2007-04-04,27.02,38.54
2007-04-05,27.09,38.85
2007-04-09,27.02,38.82
2007-04-10,27.15,38.90
2007-04-11,26.97,38.60
2007-04-12,27.00,38.87
2007-04-13,27.09,38.90
2007-04-16,27.15,39.29
2007-04-17,27.40,39.45
2007-04-18,27.33,39.42
2007-04-19,27.35,39.11
2007-04-20,27.60,39.57
2007-04-23,27.54,39.49
2007-04-24,27.53,39.35
2007-04-25,27.67,39.75
2007-04-26,27.56,39.69
2007-04-27,27.50,39.43
2007-04-30,27.40,38.93
2007-05-01,27.29,39.04
2007-05-02,27.30,39.49
2007-05-03,27.40,39.41
2007-05-04,27.40,39.50
2007-05-07,27.45,39.50
2007-05-08,27.26,39.33
2007-05-09,27.30,39.57
2007-05-10,27.13,39.14
2007-05-11,27.20,39.30
2007-05-14,27.10,39.30
2007-05-15,27.28,39.16
2007-05-16,27.56,39.30
2007-05-17,27.49,39.36
2007-05-18,27.69,39.72
2007-05-21,27.48,39.87
2007-05-22,27.53,39.83
2007-05-23,27.45,39.85
2007-05-24,27.33,39.53
2007-05-25,27.50,39.67
2007-05-29,27.60,39.64
2007-05-30,27.73,40.00
2007-05-31,27.77,40.10
2007-06-01,27.90,40.33
2007-06-04,28.00,40.41
2007-06-05,27.83,40.17
2007-06-06,27.65,39.66
2007-06-07,27.30,38.92
2007-06-08,27.46,39.42
2007-06-11,27.61,39.29
2007-06-12,27.35,38.97
2007-06-13,27.56,39.42
2007-06-14,27.60,39.70
2007-06-15,27.49,39.83
2007-06-18,27.35,39.66
2007-06-19,27.15,39.79
2007-06-20,27.12,39.72
2007-06-21,27.20,39.65
2007-06-22,27.05,39.39
2007-06-25,26.93,39.23
2007-06-26,26.86,38.96
2007-06-27,27.07,39.36
2007-06-28,27.02,39.28
2007-06-29,27.05,39.33
2007-07-02,27.27,39.54
2007-07-03,27.26,39.60
2007-07-05,27.24,39.81
2007-07-06,27.40,40.17
2007-07-09,27.40,40.02
2007-07-10,27.15,39.31
2007-07-11,27.28,39.54
2007-07-12,27.51,39.85
2007-07-13,27.70,40.05
2007-07-16,27.59,39.89
2007-07-17,27.46,39.93
2007-07-18,27.47,39.88
2007-07-19,27.56,39.97
2007-07-20,27.40,39.46
2007-07-23,27.40,39.52
2007-07-24,27.20,38.90
2007-07-25,27.20,38.77
2007-07-26,26.80,37.63
2007-07-27,26.44,37.04
2007-07-30,26.50,37.57
2007-07-31,26.28,37.00
2007-08-01,26.67,37.05
2007-08-02,26.70,37.52
2007-08-03,26.65,36.37
2007-08-06,27.34,36.95
2007-08-07,27.27,37.16
2007-08-08,27.75,37.58
2007-08-09,27.25,36.52
2007-08-10,27.10,36.36
2007-08-13,27.02,36.56
2007-08-14,26.59,35.63
2007-08-15,26.45,35.25
2007-08-16,26.52,35.30
2007-08-17,26.65,35.55
2007-08-20,26.85,35.74
2007-08-21,26.85,35.98
2007-08-22,26.92,36.46
2007-08-23,26.93,36.32
2007-08-24,27.12,37.05
2007-08-27,27.00,36.54
2007-08-28,26.69,35.66
2007-08-29,26.92,36.78
2007-08-30,26.83,36.63
2007-08-31,26.90,37.23
2007-09-04,27.19,37.28
2007-09-05,26.94,36.69
2007-09-06,26.87,36.78
2007-09-07,26.75,35.90
2007-09-10,26.82,35.71
2007-09-11,27.00,36.11
2007-09-12,27.14,36.13
2007-09-13,27.22,36.63
2007-09-14,27.38,36.87
2007-09-17,27.22,36.42
2007-09-18,27.75,37.84
2007-09-19,27.77,37.91
2007-09-20,27.80,37.16
2007-09-21,27.66,37.10
2007-09-24,27.64,36.79
2007-09-25,27.60,36.31
2007-09-26,27.79,36.83
2007-09-27,27.89,36.65
2007-09-28,27.98,36.83
2007-10-01,27.90,37.31
2007-10-02,27.91,37.30
2007-10-03,27.84,37.51
2007-10-04,27.90,37.32
2007-10-05,28.00,38.15
2007-10-08,27.82,37.90
2007-10-09,27.98,37.96
2007-10-10,28.10,37.80
2007-10-11,28.17,37.63
2007-10-12,28.23,37.82
2007-10-15,28.14,37.22
2007-10-16,28.02,37.10
2007-10-17,28.12,37.14
2007-10-18,28.02,36.80
2007-10-19,27.73,35.98
2007-10-22,27.91,36.30
2007-10-23,28.00,36.47
2007-10-24,27.92,36.35
2007-10-25,28.15,36.13
2007-10-26,28.34,36.55
2007-10-29,28.35,36.65
2007-10-30,28.23,36.54
2007-10-31,28.41,36.65
2007-11-01,27.85,35.72
2007-11-02,28.03,35.70
2007-11-05,28.07,35.22
2007-11-06,28.26,35.53
2007-11-07,27.95,34.80
2007-11-08,28.15,34.70
2007-11-09,27.88,33.91
2007-11-12,27.90,33.96
2007-11-13,28.32,34.90
2007-11-14,28.46,34.35
2007-11-15,28.44,34.02
2007-11-16,28.57,34.01
2007-11-19,28.37,33.26
2007-11-20,28.60,33.29
2007-11-21,28.25,32.97
2007-11-23,28.54,33.55
2007-11-26,28.25,32.68
2007-11-27,28.55,33.20
2007-11-28,29.00,34.49
2007-11-29,29.15,34.15
2007-11-30,29.19,34.65
2007-12-03,29.08,34.47
2007-12-04,29.04,34.36
2007-12-05,29.16,34.31
2007-12-06,29.15,34.61
2007-12-07,29.46,34.90
2007-12-10,29.49,34.92
2007-12-11,29.17,33.80
2007-12-12,29.25,33.91
2007-12-13,29.38,33.69
2007-12-14,29.02,33.25
2007-12-17,28.82,32.94
2007-12-18,28.69,33.25
2007-12-19,28.93,32.95
2007-12-20,28.80,33.11
2007-12-21,29.34,32.94
2007-12-24,29.30,33.55
2007-12-26,29.20,33.44
2007-12-27,28.92,32.97
2007-12-28,29.03,32.82
2007-12-31,28.80,32.70
2008-01-02,28.39,32.20
2008-01-03,28.24,31.84
2008-01-04,28.12,30.84
2008-01-07,28.45,30.95
2008-01-08,28.24,30.35
2008-01-09,28.62,30.57
2008-01-10,28.67,31.00
2008-01-11,28.27,30.26
2008-01-14,28.15,30.55
2008-01-15,27.85,29.99
2008-01-16,27.75,30.16
2008-01-17,27.55,29.66
2008-01-18,27.15,29.52
2008-01-22,26.87,30.10
2008-01-23,27.20,31.20
2008-01-24,27.07,31.51
2008-01-25,26.70,30.86
2008-01-28,26.91,31.37
2008-01-29,26.99,31.47
2008-01-30,26.80,31.27
2008-01-31,27.20,32.58
2008-02-01,27.47,32.87
2008-02-04,27.30,32.40
2008-02-05,26.93,31.49
2008-02-06,26.82,31.15
2008-02-07,27.10,31.75
2008-02-08,26.80,31.57
2008-02-11,27.14,31.90
2008-02-12,27.50,31.96
2008-02-13,27.37,32.37
2008-02-14,27.23,32.06
2008-02-15,27.35,32.23
2008-02-19,27.79,31.86
2008-02-20,27.20,32.30
2008-02-21,27.30,31.53
2008-02-22,27.60,32.22
2008-02-25,27.64,32.65
2008-02-26,27.98,32.97
2008-02-27,27.60,32.90
2008-02-28,27.65,32.12
2008-02-29,27.13,31.32
2008-03-03,27.40,31.25
2008-03-04,27.38,31.20
2008-03-05,27.45,31.21
2008-03-06,27.20,30.45
2008-03-07,27.07,30.16
2008-03-10,26.93,29.81
2008-03-11,27.50,30.62
2008-03-12,27.43,30.45
2008-03-13,27.43,30.48
2008-03-14,26.96,30.04
2008-03-17,26.81,29.64
2008-03-18,27.30,30.81
2008-03-19,27.45,30.40
2008-03-20,27.62,31.25
2008-03-24,27.93,32.29
2008-03-25,28.00,32.03
2008-03-26,27.77,31.43
2008-03-27,27.91,31.13
2008-03-28,27.88,30.53
2008-03-31,27.86,30.72
2008-04-01,28.20,32.10
2008-04-02,28.21,32.10
2008-04-03,28.13,32.20
2008-04-04,28.37,32.05
2008-04-07,28.19,31.93
2008-04-08,28.18,31.86
2008-04-09,27.90,31.16
2008-04-10,27.97,31.49
2008-04-11,27.79,30.91
2008-04-14,27.78,30.69
2008-04-15,27.95,30.65
2008-04-16,28.11,31.33
2008-04-17,28.15,31.47
2008-04-18,27.96,32.07
2008-04-21,28.04,32.07
2008-04-22,27.87,31.61
2008-04-23,28.05,31.60
2008-04-24,28.09,32.04
2008-04-25,27.93,32.36
2008-04-28,28.10,32.32
2008-04-29,28.13,32.58
2008-04-30,27.65,31.45
2008-05-01,28.15,33.26
2008-05-02,28.11,33.19
2008-05-05,28.01,32.82
2008-05-06,28.19,32.96
2008-05-07,27.92,32.34
2008-05-08,28.00,32.39
2008-05-09,27.84,32.20
2008-05-12,28.15,32.86
2008-05-13,28.05,32.98
2008-05-14,28.16,33.35
2008-05-15,28.50,33.67
2008-05-16,28.49,33.44
2008-05-19,28.65,33.45
2008-05-20,28.22,32.93
2008-05-21,27.93,32.23
2008-05-22,28.23,32.09
2008-05-23,28.08,31.70
2008-05-27,28.16,31.94
2008-05-28,28.20,31.94
2008-05-29,28.31,32.56
2008-05-30,28.49,32.31
2008-06-02,28.24,31.99
2008-06-03,28.39,32.03
2008-06-04,28.37,32.22
2008-06-05,28.66,32.64
2008-06-06,27.95,31.26
2008-06-09,28.05,31.24
2008-06-10,28.10,31.36
2008-06-11,27.95,30.70
2008-06-12,28.14,30.95
2008-06-13,28.12,31.72
2008-06-16,27.82,31.62
2008-06-17,27.73,31.30
2008-06-18,27.42,30.61
2008-06-19,27.51,31.00
2008-06-20,27.08,29.98
2008-06-23,26.98,29.46
2008-06-24,27.07,29.58
2008-06-25,27.68,29.80
2008-06-26,26.84,29.10
2008-06-27,26.56,28.61
2008-06-30,26.75,28.48
2008-07-01,26.72,28.12
2008-07-02,26.69,27.81
2008-07-03,26.67,28.05
2008-07-07,26.94,27.73
2008-07-08,27.29,28.45
2008-07-09,27.02,27.85
2008-07-10,27.22,27.36
2008-07-11,26.93,26.79
2008-07-14,26.95,26.65
2008-07-15,26.90,26.65
2008-07-16,27.24,27.72
2008-07-17,27.29,27.85
2008-07-18,26.83,28.71
2008-07-21,26.77,28.20
2008-07-22,27.24,28.95
2008-07-23,27.43,29.51
2008-07-24,27.26,28.88
2008-07-25,27.11,28.43
2008-07-28,26.88,27.76
2008-07-29,27.51,28.75
2008-07-30,27.83,28.72
2008-07-31,27.40,28.53
2008-08-01,27.35,28.25
2008-08-04,27.60,28.46
2008-08-05,28.08,29.73
2008-08-06,28.38,29.58
2008-08-07,27.83,29.00
2008-08-08,28.41,30.38
2008-08-11,28.66,31.31
2008-08-12,28.86,30.90
2008-08-13,28.57,30.40
2008-08-14,28.70,30.86
2008-08-15,28.98,31.22
2008-08-18,28.86,30.69
2008-08-19,28.47,30.12
2008-08-20,28.48,29.75
2008-08-21,28.17,29.99
2008-08-22,28.68,30.69
2008-08-25,28.22,29.83
2008-08-26,28.11,30.06
2008-08-27,28.24,30.15
2008-08-28,28.42,30.85
2008-08-29,28.14,30.50
2008-09-02,28.45,31.10
2008-09-03,28.24,31.26
2008-09-04,28.06,30.22
2008-09-05,28.32,30.28
2008-09-08,28.92,31.65
2008-09-09,28.77,31.05
2008-09-10,28.97,30.73
2008-09-11,29.09,31.20
2008-09-12,29.15,31.20
2008-09-15,28.80,30.15
2008-09-16,28.80,30.35
2008-09-17,27.77,29.15
2008-09-18,27.95,29.90
2008-09-19,27.70,30.20
2008-09-22,27.55,28.96
2008-09-23,27.18,28.55
2008-09-24,27.13,28.45
2008-09-25,27.80,28.96
2008-09-26,27.70,29.25
2008-09-29,26.66,27.30
2008-09-30,27.60,27.90
2008-10-01,27.80,27.90
2008-10-02,27.45,26.89
2008-10-03,27.23,25.95
2008-10-06,26.44,25.22
2008-10-07,25.60,23.60
2008-10-08,24.90,23.14
2008-10-09,23.40,21.67
2008-10-10,23.60,22.13
2008-10-13,24.70,23.00
2008-10-14,24.75,23.14
2008-10-15,23.90,20.45
2008-10-16,24.13,21.80
2008-10-17,24.31,22.24
2008-10-20,24.51,22.36
2008-10-21,24.28,22.11
2008-10-22,23.90,20.60
2008-10-23,24.00,20.60
2008-10-24,22.80,19.42
2008-10-27,22.22,19.13
2008-10-28,23.75,21.00
2008-10-29,23.29,21.43
2008-10-30,24.27,22.08
2008-10-31,24.12,22.98
2008-11-03,24.49,22.32
2008-11-04,24.85,23.20
2008-11-05,24.41,21.92
2008-11-06,24.15,20.76
2008-11-07,24.26,21.12
2008-11-10,24.33,20.63
2008-11-11,23.78,19.91
2008-11-12,23.27,18.70
2008-11-13,24.20,20.16
2008-11-14,23.48,19.18
2008-11-17,23.17,18.63
2008-11-18,23.33,18.54
2008-11-19,22.73,17.35
2008-11-20,21.94,16.33
2008-11-21,22.99,17.45
2008-11-24,23.28,18.82
2008-11-25,23.41,19.06
2008-11-26,23.71,20.18
2008-11-28,24.07,20.49
2008-12-01,22.74,18.70
2008-12-02,23.07,19.57
2008-12-03,23.35,20.27
2008-12-04,23.05,20.49
2008-12-05,23.70,21.09
2008-12-08,23.84,21.88
2008-12-09,23.38,21.44
2008-12-10,23.37,21.94
2008-12-11,23.11,21.01
2008-12-12,23.14,20.94
2008-12-15,23.12,20.87
2008-12-16,23.66,21.98
2008-12-17,23.54,22.10
2008-12-18,23.62,21.48
2008-12-19,23.23,21.23
2008-12-22,23.29,20.66
2008-12-23,23.10,20.44
2008-12-24,23.30,20.59
2008-12-26,23.32,20.82
2008-12-29,23.27,20.42
2008-12-30,23.64,21.19
2008-12-31,23.87,21.57
2009-01-02,24.21,22.65
2009-01-05,24.31,22.55
2009-01-06,23.95,22.93
2009-01-07,23.71,22.02
2009-01-08,23.40,22.15
2009-01-09,23.00,21.47
2009-01-12,23.01,20.96
2009-01-13,23.15,20.69
2009-01-14,22.64,19.88
2009-01-15,22.74,20.37
2009-01-16,22.95,20.61
2009-01-20,22.68,19.40
2009-01-21,22.79,19.99
2009-01-22,22.77,19.74
2009-01-23,22.55,19.68
2009-01-26,22.70,19.82
2009-01-27,22.82,19.76
2009-01-28,23.05,20.60
2009-01-29,22.85,19.77
2009-01-30,22.15,19.28
2009-02-02,21.96,19.10
2009-02-03,22.44,19.64
2009-02-04,21.83,19.21
2009-02-05,22.14,19.57
2009-02-06,22.52,20.13
2009-02-09,22.30,20.07
2009-02-10,21.58,19.12
2009-02-11,21.70,19.27
2009-02-12,21.90,19.30
2009-02-13,21.56,18.99
2009-02-17,21.25,18.27
2009-02-18,21.36,18.15
2009-02-19,21.63,17.96
2009-02-20,21.30,17.84
2009-02-23,20.75,17.44
2009-02-24,21.15,18.20
2009-02-25,20.95,18.03
2009-02-26,20.49,17.65
2009-02-27,20.36,17.53
2009-03-02,19.97,16.87
2009-03-03,19.73,16.74
2009-03-04,20.11,17.11
2009-03-05,19.65,16.31
2009-03-06,19.71,16.32
2009-03-09,19.41,16.11
2009-03-10,19.77,17.10
2009-03-11,19.75,17.37
2009-03-12,20.26,18.01
2009-03-13,20.56,18.22
2009-03-16,20.88,17.79
2009-03-17,21.27,18.65
2009-03-18,21.16,19.24
2009-03-19,20.89,19.03
2009-03-20,20.57,18.55
2009-03-23,21.47,19.86
2009-03-24,21.37,19.60
2009-03-25,21.58,19.74
2009-03-26,21.82,20.65
2009-03-27,21.61,20.10
2009-03-30,21.14,19.50
2009-03-31,21.10,19.65
2009-04-01,21.46,20.01
2009-04-02,21.91,21.11
2009-04-03,21.82,21.39
2009-04-06,21.88,21.09
2009-04-07,21.48,20.47
2009-04-08,21.66,21.05
2009-04-09,21.67,21.91
2009-04-13,21.61,21.92
2009-04-14,21.31,21.43
2009-04-15,21.69,21.50
2009-04-16,21.98,22.25
2009-04-17,22.09,22.52
2009-04-20,21.66,21.66
2009-04-21,21.88,22.02
2009-04-22,21.59,22.24
2009-04-23,21.59,22.24
2009-04-24,21.50,22.79
2009-04-27,21.63,22.49
2009-04-28,21.73,22.49
2009-04-29,22.09,22.90
2009-04-30,22.00,23.29
2009-05-01,22.09,23.18
2009-05-04,22.43,23.93
2009-05-05,22.24,23.92
2009-05-06,22.38,24.17
2009-05-07,22.47,23.64
2009-05-08,22.76,23.99
2009-05-11,22.65,23.57
2009-05-12,22.92,23.07
2009-05-13,22.50,22.26
2009-05-14,22.58,22.29
2009-05-15,22.37,22.13
2009-05-18,22.84,23.22
2009-05-19,22.97,23.13
2009-05-20,23.00,22.88
2009-05-21,22.79,22.34
2009-05-22,22.93,22.58
2009-05-26,23.22,23.34
2009-05-27,22.63,22.83
2009-05-28,22.87,22.74
2009-05-29,23.12,23.12
2009-06-01,23.58,24.23
2009-06-02,23.82,24.43
2009-06-03,23.70,24.11
2009-06-04,23.74,24.16
2009-06-05,23.62,24.01
2009-06-08,23.71,24.23
2009-06-09,23.50,24.37
2009-06-10,23.24,24.01
2009-06-11,23.34,23.89
2009-06-12,23.52,23.86
2009-06-15,22.95,23.38
2009-06-16,22.65,22.79
2009-06-17,22.88,23.11
2009-06-18,23.30,23.04
2009-06-19,22.89,23.13
2009-06-22,22.80,22.44
2009-06-23,22.66,22.21
2009-06-24,22.72,22.34
2009-06-25,23.11,23.12
2009-06-26,23.03,22.96
2009-06-29,23.17,23.25
2009-06-30,22.99,23.08
2009-07-01,23.38,23.23
2009-07-02,22.89,22.29
2009-07-06,23.36,22.40
2009-07-07,23.07,21.80
2009-07-08,23.17,21.98
2009-07-09,23.00,22.14
2009-07-10,22.89,22.10
2009-07-13,23.30,22.46
2009-07-14,23.37,22.81
2009-07-15,23.75,23.44
2009-07-16,23.91,23.73
2009-07-17,23.93,23.77
2009-07-20,24.00,24.27
2009-07-21,23.97,24.27
2009-07-22,23.98,24.44
2009-07-23,24.31,25.01
2009-07-24,24.53,24.99
2009-07-27,24.44,25.09
2009-07-28,24.47,25.01
2009-07-29,24.60,24.88
2009-07-30,24.57,25.27
2009-07-31,24.52,25.27
2009-08-03,24.55,25.79
2009-08-04,24.59,25.90
2009-08-05,24.43,25.68
2009-08-06,24.18,25.66
2009-08-07,24.28,26.50
2009-08-10,24.30,26.26
2009-08-11,24.30,25.98
2009-08-12,24.29,26.17
2009-08-13,24.43,26.24
2009-08-14,24.40,25.88
2009-08-17,24.15,25.06
2009-08-18,24.19,25.34
2009-08-19,24.35,25.60
2009-08-20,24.47,25.79
2009-08-21,24.74,26.32
2009-08-24,24.75,26.13
2009-08-25,24.79,26.40
2009-08-26,24.87,26.55
2009-08-27,24.87,26.60
2009-08-28,24.77,26.61
2009-08-31,24.82,26.16
2009-09-01,24.59,25.69
2009-09-02,24.61,25.56
2009-09-03,24.66,25.83
2009-09-04,24.84,26.30
2009-09-08,25.05,26.53
2009-09-09,25.04,26.81
2009-09-10,25.22,27.17
2009-09-11,25.33,27.08
2009-09-14,25.27,27.17
2009-09-15,25.14,27.30
2009-09-16,25.34,27.82
2009-09-17,25.25,27.79
2009-09-18,25.40,27.80
2009-09-21,25.32,27.69
2009-09-22,25.37,27.80
2009-09-23,25.37,27.40
2009-09-24,25.24,27.14
2009-09-25,25.24,26.98
2009-09-28,25.29,27.49
2009-09-29,25.41,27.62
2009-09-30,25.46,27.47
2009-10-01,25.23,26.87
2009-10-02,25.31,26.53
2009-10-05,25.37,26.94
2009-10-06,25.60,27.35
2009-10-07,25.71,27.37
2009-10-08,25.86,27.81
2009-10-09,25.92,27.80
2009-10-12,26.03,27.94
2009-10-13,25.94,27.99
2009-10-14,26.03,28.34
2009-10-15,26.23,28.38
2009-10-16,26.37,28.33
2009-10-19,26.52,28.65
2009-10-20,26.49,28.36
2009-10-21,26.29,27.99
2009-10-22,26.33,28.36
2009-10-23,26.07,28.25
2009-10-26,25.87,28.08
2009-10-27,25.89,27.60
2009-10-28,25.82,26.82
2009-10-29,26.24,27.54
2009-10-30,25.83,26.82
2009-11-02,26.08,27.08
2009-11-03,25.91,27.10
2009-11-04,26.01,27.11
2009-11-05,26.13,27.85
2009-11-06,26.20,28.10
2009-11-09,26.63,28.71
2009-11-10,26.62,28.81
2009-11-11,26.70,28.84
2009-11-12,26.54,28.52
2009-11-13,26.72,29.02
2009-11-16,26.87,29.49
2009-11-17,27.00,29.25
2009-11-18,26.98,29.17
2009-11-19,26.85,28.84
2009-11-20,26.89,28.69
2009-11-23,27.12,28.94
2009-11-24,27.18,28.91
2009-11-25,27.13,29.19
2009-11-27,26.88,28.62
2009-11-30,26.78,28.62
2009-12-01,27.15,29.07
2009-12-02,27.12,29.16
2009-12-03,26.91,28.96
2009-12-04,27.05,29.15
2009-12-07,27.02,29.24
2009-12-08,26.71,29.02
2009-12-09,26.76,29.02
2009-12-10,26.85,29.47
2009-12-11,27.00,29.76
2009-12-14,27.10,29.99
2009-12-15,26.99,29.95
2009-12-16,26.86,29.98
2009-12-17,26.54,29.62
2009-12-18,26.24,29.61
2009-12-21,26.38,29.99
2009-12-22,26.56,29.97
2009-12-23,26.58,30.16
2009-12-24,26.68,30.18
2009-12-28,26.73,30.16
2009-12-29,26.78,30.26
2009-12-30,26.73,30.05
2009-12-31,26.47,29.77
2010-01-04,26.67,30.00
2010-01-05,26.68,30.11
2010-01-06,26.66,30.15
2010-01-07,26.66,30.40
2010-01-08,26.57,30.39
2010-01-11,26.64,30.33
2010-01-12,26.79,29.94
2010-01-13,26.98,30.28
2010-01-14,26.90,30.28
2010-01-15,26.77,29.98
2010-01-19,26.93,30.38
2010-01-20,26.73,29.97
2010-01-21,26.35,29.59
2010-01-22,26.29,29.02
2010-01-25,26.34,29.17
2010-01-26,26.31,29.21
2010-01-27,26.37,29.26
2010-01-28,26.30,29.09
2010-01-29,26.20,28.91
2010-02-01,26.40,29.28
2010-02-02,26.78,29.69
2010-02-03,26.59,29.71
2010-02-04,26.05,28.85
2010-02-05,25.98,28.77
2010-02-08,25.95,28.59
2010-02-09,26.26,29.03
2010-02-10,26.23,28.91
2010-02-11,26.44,29.25
2010-02-12,26.44,29.25
2010-02-16,26.71,29.72
2010-02-17,26.90,29.96
2010-02-18,27.06,30.15
2010-02-19,27.12,30.22
2010-02-22,27.12,30.21
2010-02-23,26.97,30.03
2010-02-24,27.14,30.42
2010-02-25,27.16,30.47
2010-02-26,27.03,30.52
2010-03-01,27.22,31.00
2010-03-02,27.32,30.84
2010-03-03,27.33,30.93
2010-03-04,27.42,31.21
2010-03-05,27.59,31.79
2010-03-08,27.49,31.87
2010-03-09,27.45,31.82
2010-03-10,27.41,31.89
2010-03-11,27.46,32.12
2010-03-12,27.48,32.21
2010-03-15,27.69,32.17
2010-03-16,27.82,32.41
2010-03-17,27.94,32.57
2010-03-18,27.97,32.56
2010-03-19,27.77,32.40
2010-03-22,27.91,32.74
2010-03-23,28.13,32.87
2010-03-24,27.93,32.74
2010-03-25,27.89,32.93
2010-03-26,27.91,33.06
2010-03-29,28.04,33.11
2010-03-30,28.09,33.08
2010-03-31,27.93,32.84
2010-04-01,28.11,33.07
2010-04-05,28.11,33.47
2010-04-06,28.02,33.52
2010-04-07,27.84,33.40
2010-04-08,27.89,33.72
2010-04-09,28.04,33.97
2010-04-12,28.13,33.97
2010-04-13,28.04,34.15
2010-04-14,28.08,34.68
2010-04-15,28.03,34.83
2010-04-16,27.91,34.37
2010-04-19,28.02,34.43
2010-04-20,28.10,34.85
2010-04-21,28.10,35.01
2010-04-22,28.10,35.64
2010-04-23,28.03,35.67
2010-04-26,27.97,35.95
2010-04-27,27.48,34.91
2010-04-28,27.70,34.79
2010-04-29,27.79,35.56
2010-04-30,27.63,34.82
2010-05-03,27.79,35.52
2010-05-04,27.51,34.48
2010-05-05,27.61,33.99
2010-05-06,26.92,32.78
2010-05-07,26.74,32.18
2010-05-10,27.52,33.86
2010-05-11,27.51,33.85
2010-05-12,27.70,34.34
2010-05-13,27.53,33.57
2010-05-14,27.27,33.01
2010-05-17,27.56,33.26
2010-05-18,27.40,32.64
2010-05-19,27.33,32.44
2010-05-20,26.52,31.18
2010-05-21,26.62,31.73
2010-05-24,26.43,31.51
2010-05-25,26.12,31.83
2010-05-26,25.95,31.73
2010-05-27,26.48,32.87
2010-05-28,26.35,32.37
2010-06-01,26.29,31.88
2010-06-02,26.74,32.68
2010-06-03,26.78,32.79
2010-06-04,26.07,31.52
2010-06-07,25.87,30.92
2010-06-08,26.29,31.18
2010-06-09,26.24,31.22
2010-06-10,26.69,32.28
2010-06-11,26.47,32.25
2010-06-14,26.62,32.34
2010-06-15,26.89,33.11
2010-06-16,26.71,32.88
2010-06-17,26.95,32.68
2010-06-18,26.66,32.47
2010-06-21,26.59,32.21
2010-06-22,26.30,31.49
2010-06-23,26.47,31.47
2010-06-24,26.15,30.72
2010-06-25,25.88,30.81
2010-06-28,26.10,30.58
2010-06-29,25.68,29.49
2010-06-30,25.50,29.13
2010-07-01,25.55,29.37
2010-07-02,25.45,29.04
2010-07-06,25.60,29.04
2010-07-07,26.09,29.86
2010-07-08,26.48,30.12
2010-07-09,26.48,30.41
2010-07-12,26.57,30.45
2010-07-13,26.81,31.21
2010-07-14,26.82,31.01
2010-07-15,26.90,31.11
2010-07-16,26.52,30.02
2010-07-19,26.57,30.31
2010-07-20,26.89,30.74
2010-07-21,26.60,30.19
2010-07-22,26.90,31.10
2010-07-23,27.15,31.55
2010-07-26,27.29,32.02
2010-07-27,27.39,31.61
2010-07-28,27.24,31.39
2010-07-29,26.91,31.23
2010-07-30,26.98,31.44
2010-08-02,27.29,32.11
2010-08-03,27.05,31.62
2010-08-04,27.15,32.15
2010-08-05,27.03,32.25
2010-08-06,27.09,32.03
2010-08-09,27.23,32.34
2010-08-10,27.29,32.06
2010-08-11,26.84,31.22
2010-08-12,26.81,31.10
2010-08-13,26.80,30.75
2010-08-16,26.77,30.74
2010-08-17,27.03,31.24
2010-08-18,27.05,31.53
2010-08-19,26.73,30.92
2010-08-20,26.73,30.90
2010-08-23,26.79,30.62
2010-08-24,26.66,30.10
2010-08-25,26.72,30.41
2010-08-26,26.52,30.20
2010-08-27,26.69,30.69
2010-08-30,26.46,30.15
2010-08-31,26.48,30.19
2010-09-01,26.95,31.23
2010-09-02,27.12,31.81
2010-09-03,27.29,32.28
2010-09-07,27.18,31.76
2010-09-08,27.30,31.99
2010-09-09,27.39,32.02
2010-09-10,27.52,32.29
2010-09-13,27.55,32.68
2010-09-14,27.60,32.71
2010-09-15,27.79,32.77
2010-09-16,27.82,32.77
2010-09-17,27.55,32.75
2010-09-20,27.85,33.38
2010-09-21,27.80,33.24
2010-09-22,27.85,33.02
2010-09-23,27.67,32.85
2010-09-24,28.04,33.70
2010-09-27,27.88,33.48
2010-09-28,28.06,33.74
2010-09-29,27.98,33.50
2010-09-30,27.88,33.41
2010-10-01,27.93,33.45
2010-10-04,27.85,33.38
2010-10-05,28.11,34.08
2010-10-06,28.23,33.85
2010-10-07,28.13,34.01
2010-10-08,28.19,34.36
2010-10-11,28.22,34.37
2010-10-12,28.29,34.45
2010-10-13,28.53,34.50
2010-10-14,28.54,34.46
2010-10-15,28.61,34.71
2010-10-18,28.71,34.76
2010-10-19,28.36,34.13
2010-10-20,28.61,34.57
2010-10-21,28.71,34.77
2010-10-22,28.81,34.96
2010-10-25,28.88,35.18
2010-10-26,28.72,35.33
2010-10-27,28.57,35.11
2010-10-28,28.67,35.27
2010-10-29,28.77,35.26
2010-11-01,28.65,35.19
2010-11-02,28.82,35.59
2010-11-03,28.91,35.77
2010-11-04,29.26,36.33
2010-11-05,29.11,36.51
2010-11-08,29.06,36.45
2010-11-09,28.91,36.12
2010-11-10,28.82,36.44
2010-11-11,28.85,36.39
2010-11-12,28.71,36.01
2010-11-15,28.72,35.94
2010-11-16,28.40,35.45
2010-11-17,28.41,35.76
2010-11-18,28.79,36.07
2010-11-19,28.81,36.24
2010-11-22,28.81,36.41
2010-11-23,28.47,35.87
2010-11-24,28.69,36.61
2010-11-26,28.50,36.40
2010-11-29,28.45,36.23
2010-11-30,28.32,36.15
2010-12-01,28.78,36.92
2010-12-02,28.80,37.40
2010-12-03,28.81,37.42
2010-12-06,28.74,37.46
2010-12-07,28.90,37.48
2010-12-08,29.01,37.38
2010-12-09,29.09,37.43
2010-12-10,29.14,37.56
2010-12-13,29.14,37.38
2010-12-14,29.28,37.37
2010-12-15,29.31,37.25
2010-12-16,29.57,37.52
2010-12-17,29.36,37.36
2010-12-20,29.33,37.58
2010-12-21,29.26,37.74
2010-12-22,29.39,37.79
2010-12-23,29.40,37.63
2010-12-27,29.26,37.52
2010-12-28,29.34,37.44
2010-12-29,29.35,37.56
2010-12-30,29.30,37.49
2010-12-31,29.31,37.41
2011-01-03,29.35,37.85
2011-01-04,29.27,37.64
2011-01-05,29.28,37.95
2011-01-06,29.18,37.72
2011-01-07,29.03,37.70
2011-01-10,29.05,37.67
2011-01-11,29.03,37.66
2011-01-12,29.27,37.75
2011-01-13,29.33,37.69
2011-01-14,29.33,37.92
2011-01-18,29.35,38.03
2011-01-19,29.29,37.65
2011-01-20,29.44,37.73
2011-01-21,29.49,37.82
2011-01-24,29.54,37.97
2011-01-25,29.64,37.99
2011-01-26,29.56,38.05
2011-01-27,29.26,38.35
2011-01-28,28.98,37.10
2011-01-31,28.88,37.18
2011-02-01,29.09,37.62
2011-02-02,28.98,37.51
2011-02-03,29.13,37.95
2011-02-04,29.30,38.21
2011-02-07,29.34,38.41
2011-02-08,29.48,38.87
2011-02-09,29.53,39.13
2011-02-10,29.42,39.18
2011-02-11,29.58,39.58
2011-02-14,29.45,39.42
2011-02-15,29.44,39.47
2011-02-16,29.52,39.79
2011-02-17,29.72,39.80
2011-02-18,29.80,40.01
2011-02-22,29.59,39.05
2011-02-23,29.52,38.48
2011-02-24,29.40,38.71
2011-02-25,29.55,39.11
2011-02-28,29.72,39.41
2011-03-01,29.49,38.66
2011-03-02,29.41,38.81
2011-03-03,29.71,39.50
2011-03-04,29.58,39.21
2011-03-07,29.50,38.82
2011-03-08,29.76,39.13
2011-03-09,29.91,39.22
2011-03-10,29.71,38.77
2011-03-11,29.73,39.01
2011-03-14,29.52,38.53
2011-03-15,29.26,38.21
2011-03-16,28.84,37.56
2011-03-17,28.98,37.73
2011-03-18,29.05,37.58
2011-03-21,29.41,38.16
2011-03-22,29.37,37.86
2011-03-23,29.42,38.19
2011-03-24,29.69,38.75
2011-03-25,29.69,38.82
2011-03-28,29.68,38.42
2011-03-29,29.82,38.77
2011-03-30,29.98,39.19
2011-03-31,29.92,39.05
2011-04-01,30.07,39.30
2011-04-04,30.13,39.39
2011-04-05,30.16,39.52
2011-04-06,30.30,39.45
2011-04-07,30.34,39.29
2011-04-08,30.25,39.06
2011-04-11,30.41,39.07
2011-04-12,30.51,39.02
2011-04-13,30.53,39.15
2011-04-14,30.71,39.06
2011-04-15,30.84,39.25
2011-04-18,30.67,38.90
2011-04-19,30.73,38.99
2011-04-20,30.89,39.69
2011-04-21,30.90,39.91
2011-04-25,30.82,39.87
2011-04-26,31.03,39.94
2011-04-27,31.23,40.42
2011-04-28,31.43,40.58
2011-04-29,31.52,40.55
2011-05-02,31.56,40.69
2011-05-03,31.64,40.46
2011-05-04,31.60,40.37
2011-05-05,31.36,40.26
2011-05-06,31.44,40.29
2011-05-09,31.55,40.34
2011-05-10,31.74,40.86
2011-05-11,31.68,40.47
2011-05-12,32.15,40.87
2011-05-13,32.11,40.56
2011-05-16,32.12,40.02
2011-05-17,32.19,40.06
2011-05-18,32.24,40.53
2011-05-19,32.42,40.66
2011-05-20,32.32,40.27
2011-05-23,32.10,39.89
2011-05-24,32.07,39.69
2011-05-25,31.86,39.70
2011-05-26,31.91,40.06
2011-05-27,32.04,40.16
2011-05-31,32.31,40.44
2011-06-01,31.98,39.52
2011-06-02,31.61,39.43
2011-06-03,31.31,38.92
2011-06-06,31.15,38.51
2011-06-07,31.08,38.55
2011-06-08,31.10,38.25
2011-06-09,31.27,38.57
2011-06-10,30.91,37.86
2011-06-13,31.05,37.81
2011-06-14,31.38,38.48
2011-06-15,30.91,37.89
2011-06-16,31.16,37.80
2011-06-17,31.14,37.95
2011-06-20,31.37,38.26
2011-06-21,31.34,39.04
2011-06-22,31.14,38.74
2011-06-23,30.86,38.88
2011-06-24,30.61,38.50
2011-06-27,30.75,38.97
2011-06-28,30.81,39.71
2011-06-29,30.99,39.89
2011-06-30,31.23,40.21
2011-07-01,31.47,41.02
2011-07-05,31.46,41.20
2011-07-06,31.63,41.05
2011-07-07,31.85,41.62
2011-07-08,31.74,41.37
2011-07-11,31.51,40.57
2011-07-12,31.41,40.37
2011-07-13,31.41,40.58
2011-07-14,31.27,40.27
2011-07-15,31.36,40.29
2011-07-18,31.16,39.90
2011-07-19,31.59,40.67
2011-07-20,31.54,40.46
2011-07-21,31.80,40.93
2011-07-22,31.74,41.09
2011-07-25,31.45,40.82
2011-07-26,31.37,40.75
2011-07-27,31.03,40.04
2011-07-28,31.03,39.84
2011-07-29,30.83,39.65
2011-08-01,30.72,39.44
2011-08-02,30.32,37.95
2011-08-03,30.44,38.23
2011-08-04,29.49,36.37
2011-08-05,29.91,36.34
2011-08-08,28.78,34.06
2011-08-09,29.48,35.64
2011-08-10,28.35,34.12
2011-08-11,29.19,35.63
2011-08-12,29.54,36.07
2011-08-15,29.96,36.60
2011-08-16,30.03,36.40
2011-08-17,30.23,36.35
2011-08-18,29.69,34.55
2011-08-19,29.55,34.05
2011-08-22,29.64,34.15
2011-08-23,30.25,35.47
2011-08-24,30.38,36.10
2011-08-25,29.92,35.38
2011-08-26,30.17,36.12
2011-08-29,30.71,37.17
2011-08-30,30.79,37.34
2011-08-31,30.89,37.57
2011-09-01,30.78,37.11
2011-09-02,30.34,36.06
2011-09-06,30.22,35.95
2011-09-07,30.76,36.88
2011-09-08,30.68,36.38
2011-09-09,30.00,35.42
2011-09-12,30.03,35.84
2011-09-13,30.14,36.26
2011-09-14,30.50,36.86
2011-09-15,30.86,37.48
2011-09-16,30.84,37.77
2011-09-19,30.58,37.70
2011-09-20,30.64,37.50
2011-09-21,30.01,36.29
2011-09-22,29.44,35.20
2011-09-23,29.50,35.73
2011-09-26,30.07,36.57
2011-09-27,30.25,36.82
2011-09-28,29.68,36.19
2011-09-29,29.97,35.89
2011-09-30,29.66,34.86
2011-10-03,29.23,33.84
2011-10-04,29.51,34.91
2011-10-05,29.55,35.55
2011-10-06,29.90,36.38
2011-10-07,30.07,36.35
2011-10-10,30.54,37.58
2011-10-11,30.48,37.74
2011-10-12,30.72,38.08
2011-10-13,30.63,38.05
2011-10-14,30.87,38.67
2011-10-17,30.66,37.88
2011-10-18,30.89,38.65
2011-10-19,30.80,38.07
2011-10-20,30.97,38.26
2011-10-21,31.47,39.32
2011-10-24,31.25,39.90
2011-10-25,30.88,39.03
2011-10-26,31.19,38.88
2011-10-27,31.59,39.94
2011-10-28,31.51,39.63
2011-10-31,31.04,39.02
2011-11-01,30.50,38.18
2011-11-02,30.79,38.57
2011-11-03,31.17,39.07
2011-11-04,30.99,38.92
2011-11-07,31.25,39.17
2011-11-08,31.56,39.55
2011-11-09,30.82,38.14
2011-11-10,31.12,38.50
2011-11-11,31.48,39.47
2011-11-14,31.21,39.18
2011-11-15,31.36,39.32
2011-11-16,31.08,38.58
2011-11-17,30.97,37.90
2011-11-18,31.06,37.88
2011-11-21,30.56,37.29
2011-11-22,30.59,37.27
2011-11-23,30.26,36.53
2011-11-25,30.37,36.33
2011-11-28,30.85,37.44
2011-11-29,31.17,37.57
2011-11-30,31.90,38.74
2011-12-01,31.85,38.77
2011-12-02,31.74,39.07
2011-12-05,31.93,39.43
2011-12-06,31.97,39.30
2011-12-07,32.05,39.55
2011-12-08,31.68,38.71
2011-12-09,32.01,39.35
2011-12-12,31.72,39.23
2011-12-13,31.65,38.46
2011-12-14,31.49,38.06
2011-12-15,31.81,38.12
2011-12-16,31.49,37.90
2011-12-19,31.36,37.48
2011-12-20,32.01,38.51
2011-12-21,32.35,38.64
2011-12-22,32.34,38.75
2011-12-23,32.57,39.18
2011-12-27,32.63,39.30
2011-12-28,32.47,38.87
2011-12-29,32.64,39.27
2011-12-30,32.49,39.02
2012-01-03,32.46,39.35
2012-01-04,32.39,39.66
2012-01-05,32.37,39.99
2012-01-06,32.16,40.05
2012-01-09,32.21,39.99
2012-01-10,32.32,40.25
2012-01-11,32.18,40.31
2012-01-12,32.17,40.43
2012-01-13,32.14,40.38
2012-01-17,32.26,40.49
2012-01-18,32.33,41.14
2012-01-19,32.39,41.50
2012-01-20,32.40,41.16
2012-01-23,32.37,41.13
2012-01-24,32.19,41.25
2012-01-25,32.56,41.55
2012-01-26,32.44,41.48
2012-01-27,32.22,41.45
2012-01-30,32.01,41.33
2012-01-31,32.03,41.32
2012-02-01,32.26,41.46
2012-02-02,32.38,41.41
2012-02-03,32.48,42.26
2012-02-06,32.46,42.17
2012-02-07,32.49,42.37
2012-02-08,32.50,42.47
2012-02-09,32.68,42.54
2012-02-10,32.61,42.31
2012-02-13,32.75,42.65
2012-02-14,32.83,42.60
2012-02-15,32.82,42.41
2012-02-16,33.03,42.59
2012-02-17,33.06,42.96
2012-02-21,32.87,42.81
2012-02-22,32.78,42.70
2012-02-23,32.95,42.91
2012-02-24,33.06,42.86
2012-02-27,33.06,43.11
2012-02-28,33.17,43.35
2012-02-29,33.23,43.19
2012-03-01,33.18,43.55
2012-03-02,33.21,43.52
2012-03-05,33.36,43.48
2012-03-06,33.08,42.80
2012-03-07,33.13,43.29
2012-03-08,33.36,43.73
2012-03-09,33.47,43.98
2012-03-12,33.59,43.86
2012-03-13,33.84,44.54
2012-03-14,33.74,44.48
2012-03-15,33.80,44.63
2012-03-16,33.60,44.35
2012-03-19,33.62,44.58
2012-03-20,33.60,44.66
2012-03-21,33.65,44.71
2012-03-22,33.68,44.60
2012-03-23,33.76,44.65
2012-03-26,33.99,45.36
2012-03-27,33.97,45.29
2012-03-28,33.89,44.90
2012-03-29,33.88,44.89
2012-03-30,34.08,45.09
2012-04-02,34.35,45.21
2012-04-03,34.16,45.12
2012-04-04,34.05,44.70
2012-04-05,34.05,45.01
2012-04-09,33.74,44.60
2012-04-10,33.44,43.51
2012-04-11,33.61,44.11
2012-04-12,33.64,44.67
2012-04-13,33.63,44.55
2012-04-16,33.77,44.39
2012-04-17,34.11,44.93
2012-04-18,34.12,44.93
2012-04-19,34.00,44.57
2012-04-20,34.31,44.64
2012-04-23,33.78,44.16
2012-04-24,33.79,44.01
2012-04-25,34.01,44.75
2012-04-26,34.32,45.31
2012-04-27,34.27,45.87
2012-04-30,34.18,45.61
2012-05-01,34.27,45.91
2012-05-02,34.30,46.16
2012-05-03,34.35,45.80
2012-05-04,34.08,44.91
2012-05-07,34.13,44.89
2012-05-08,34.05,44.35
2012-05-09,33.88,44.18
2012-05-10,34.12,44.33
2012-05-11,34.03,44.24
2012-05-14,33.89,43.62
2012-05-15,33.85,43.55
2012-05-16,33.96,43.48
2012-05-17,33.72,42.33
2012-05-18,33.52,42.01
2012-05-21,33.65,42.75
2012-05-22,33.69,42.92
2012-05-23,33.60,43.15
2012-05-24,33.92,43.35
2012-05-25,33.89,43.28
2012-05-29,34.13,43.88
2012-05-30,33.85,43.19
2012-05-31,33.78,43.10
2012-06-01,33.16,41.74
2012-06-04,33.27,41.89
2012-06-05,33.23,42.12
2012-06-06,33.68,43.03
2012-06-07,33.80,43.03
2012-06-08,34.09,43.41
2012-06-11,33.93,42.75
2012-06-12,34.09,43.21
2012-06-13,34.05,42.58
2012-06-14,34.51,43.15
2012-06-15,34.33,43.42
2012-06-18,34.42,43.73
2012-06-19,34.39,44.13
2012-06-20,34.21,44.08
2012-06-21,33.81,43.12
2012-06-22,33.91,43.31
2012-06-25,33.70,42.64
2012-06-26,33.78,43.17
2012-06-27,33.98,43.11
2012-06-28,34.13,42.87
2012-06-29,34.77,43.78
2012-07-02,34.97,43.91
2012-07-03,35.13,43.87
2012-07-05,35.00,43.98
2012-07-06,34.96,43.77
2012-07-09,34.92,43.53
2012-07-10,34.96,43.27
2012-07-11,34.91,43.02
2012-07-12,34.94,42.92
2012-07-13,35.33,43.62
2012-07-16,35.15,43.34
2012-07-17,35.30,43.77
2012-07-18,35.31,44.00
2012-07-19,35.26,44.29
2012-07-20,35.05,43.75
2012-07-23,34.74,43.11
2012-07-24,34.63,42.82
2012-07-25,34.64,42.73
2012-07-26,35.21,43.42
2012-07-27,35.61,44.28
2012-07-30,35.79,44.11
2012-07-31,35.63,43.54
2012-08-01,35.45,43.36
2012-08-02,35.16,43.47
2012-08-03,35.75,44.33
2012-08-06,35.73,44.49
2012-08-07,35.54,44.91
2012-08-08,35.79,44.69
2012-08-09,35.64,44.66
2012-08-10,35.63,44.62
2012-08-13,35.62,44.64
2012-08-14,35.76,44.75
2012-08-15,35.78,44.89
2012-08-16,35.87,45.26
2012-08-17,35.90,45.43
2012-08-20,35.90,45.24
2012-08-21,35.68,45.18
2012-08-22,35.57,45.31
2012-08-23,35.29,45.00
2012-08-24,35.60,45.37
2012-08-27,35.65,45.30
2012-08-28,35.67,45.39
2012-08-29,35.59,45.61
2012-08-30,35.45,45.36
2012-08-31,35.46,45.55
2012-09-04,35.67,45.44
2012-09-05,35.61,45.51
2012-09-06,36.05,46.53
2012-09-07,35.76,46.78
2012-09-10,35.72,46.71
2012-09-11,35.61,46.69
2012-09-12,35.42,46.92
2012-09-13,36.05,47.52
2012-09-14,35.78,47.71
2012-09-17,35.88,47.53
2012-09-18,36.08,47.30
2012-09-19,36.18,47.79
2012-09-20,36.38,47.73
2012-09-21,35.96,47.53
2012-09-24,36.08,47.40
2012-09-25,35.83,46.84
2012-09-26,35.83,46.52
2012-09-27,35.95,46.99
2012-09-28,35.83,46.79
2012-10-01,36.06,46.76
2012-10-02,36.09,46.67
2012-10-03,36.20,47.04
2012-10-04,36.37,47.47
2012-10-05,36.51,47.61
2012-10-08,36.40,47.52
2012-10-09,36.05,46.76
2012-10-10,35.90,46.47
2012-10-11,35.82,46.26
2012-10-12,35.85,46.25
2012-10-15,36.09,46.71
2012-10-16,36.18,47.13
2012-10-17,36.34,47.40
2012-10-18,36.14,47.43
2012-10-19,35.71,46.58
2012-10-22,35.73,46.43
2012-10-23,35.25,46.06
2012-10-24,35.25,45.88
2012-10-25,35.47,45.77
2012-10-26,35.35,45.92
2012-10-31,35.39,46.07
2012-11-01,35.41,46.60
2012-11-02,35.20,46.57
2012-11-05,35.14,46.69
2012-11-06,35.40,46.94
2012-11-07,34.98,46.39
2012-11-08,34.60,45.64
2012-11-09,34.60,45.42
2012-11-12,34.60,45.46
2012-11-13,34.58,45.59
2012-11-14,34.20,44.91
2012-11-15,34.19,44.88
2012-11-16,34.41,45.18
2012-11-19,34.97,46.15
2012-11-20,35.10,46.38
2012-11-21,35.15,46.54
2012-11-23,35.67,47.16
2012-11-26,35.41,46.94
2012-11-27,35.38,46.75
2012-11-28,35.72,47.36
2012-11-29,35.91,47.49
2012-11-30,36.04,47.53
2012-12-03,35.90,47.28
2012-12-04,35.83,47.08
2012-12-05,35.89,46.94
2012-12-06,35.93,47.24
2012-12-07,36.18,47.42
2012-12-10,36.14,47.15
2012-12-11,36.16,47.30
2012-12-12,36.08,47.36
2012-12-13,36.02,47.05
2012-12-14,35.96,46.85
2012-12-17,36.04,47.69
2012-12-18,36.03,48.25
2012-12-19,35.67,47.91
2012-12-20,35.87,48.01
2012-12-21,35.17,47.28
2012-12-24,35.06,47.32
2012-12-26,34.76,46.83
2012-12-27,34.82,46.89
2012-12-28,34.45,46.51
2012-12-31,34.90,47.44
2013-01-02,35.80,48.43
2013-01-03,35.71,48.55
2013-01-04,35.81,48.73
2013-01-07,35.57,48.61
2013-01-08,35.47,48.47
2013-01-09,35.55,48.55
2013-01-10,35.76,48.83
2013-01-11,35.92,48.87
2013-01-14,36.03,48.99
2013-01-15,36.14,49.35
2013-01-16,36.09,49.24
2013-01-17,36.33,49.76
2013-01-18,36.48,49.82
2013-01-22,36.49,49.95
2013-01-23,36.48,49.99
2013-01-24,36.58,50.37
2013-01-25,36.76,50.90
2013-01-28,36.79,50.66
2013-01-29,36.99,50.46
2013-01-30,36.92,50.37
2013-01-31,36.87,50.13
2013-02-01,37.17,50.42
2013-02-04,36.82,49.80
2013-02-05,37.26,50.33
2013-02-06,37.31,50.44
2013-02-07,37.51,50.33
2013-02-08,37.48,50.72
2013-02-11,37.48,50.55
2013-02-12,37.44,50.75
2013-02-13,37.48,50.86
2013-02-14,37.56,50.88
2013-02-15,37.61,50.94
2013-02-19,37.99,51.13
2013-02-20,37.92,50.35
2013-02-21,38.04,49.93
2013-02-22,38.26,50.21
2013-02-25,37.74,49.43
2013-02-26,37.83,49.92
2013-02-27,38.11,50.68
2013-02-28,38.09,50.93
2013-03-01,38.22,51.05
2013-03-04,38.51,51.50
2013-03-05,38.64,52.02
2013-03-06,38.55,51.98
2013-03-07,38.55,52.07
2013-03-08,38.62,52.62
2013-03-11,38.66,52.75
2013-03-12,38.62,52.60
2013-03-13,38.72,52.89
2013-03-14,38.85,52.95
2013-03-15,38.49,52.59
2013-03-18,38.37,52.19
2013-03-19,38.69,51.82
2013-03-20,39.06,52.42
2013-03-21,38.94,51.98
2013-03-22,39.30,52.62
2013-03-25,39.27,52.53
2013-03-26,39.64,52.79
2013-03-27,39.61,52.81
2013-03-28,39.77,53.00
2013-04-01,39.75,52.60
2013-04-02,40.18,53.04
2013-04-03,39.74,52.55
2013-04-04,39.95,52.85
2013-04-05,39.66,52.59
2013-04-08,40.11,53.19
2013-04-09,40.07,53.05
2013-04-10,40.37,53.67
2013-04-11,40.57,54.12
2013-04-12,40.71,54.41
2013-04-15,40.06,52.98
2013-04-16,40.81,53.74
2013-04-17,40.46,53.19
2013-04-18,40.38,52.61
2013-04-19,41.01,53.24
2013-04-22,41.11,53.47
2013-04-23,41.43,54.01
2013-04-24,40.77,54.05
2013-04-25,40.90,54.51
2013-04-26,40.89,54.27
2013-04-29,41.02,54.46
2013-04-30,40.94,54.61
2013-05-01,40.90,54.32
2013-05-02,41.05,54.85
2013-05-03,41.23,55.54
2013-05-06,40.93,55.72
2013-05-07,41.24,56.19
2013-05-08,41.29,56.23
2013-05-09,41.00,56.33
2013-05-10,41.16,56.77
2013-05-13,41.23,56.78
2013-05-14,41.72,57.36
2013-05-15,42.14,57.67
2013-05-16,41.88,57.00
2013-05-17,41.94,57.55
2013-05-20,41.51,57.38
2013-05-21,41.55,57.64
2013-05-22,41.48,57.09
2013-05-23,41.31,56.97
2013-05-24,41.70,56.80
2013-05-28,41.77,57.35
2013-05-29,40.97,56.76
2013-05-30,40.81,56.76
2013-05-31,40.05,56.12
2013-06-03,40.49,56.37
2013-06-04,40.50,56.17
2013-06-05,40.01,55.24
2013-06-06,40.18,55.82
2013-06-07,40.68,56.84
2013-06-10,40.68,56.67
2013-06-11,40.58,56.11
2013-06-12,40.38,55.49
2013-06-13,40.80,56.53
2013-06-14,40.70,56.35
2013-06-17,41.06,56.66
2013-06-18,41.21,57.24
2013-06-19,40.39,56.59
2013-06-20,39.17,55.11
2013-06-21,39.43,55.05
2013-06-24,39.27,54.54
2013-06-25,39.33,55.03
2013-06-26,39.74,55.72
2013-06-27,39.92,56.20
2013-06-28,39.67,56.40
2013-07-01,39.96,56.79
2013-07-02,40.01,56.89
2013-07-03,39.93,57.15
2013-07-05,40.03,57.77
2013-07-08,40.43,58.31
2013-07-09,40.73,58.54
2013-07-10,40.78,58.60
2013-07-11,41.42,59.44
2013-07-12,41.43,59.72
2013-07-15,41.49,59.57
2013-07-16,41.34,59.25
2013-07-17,41.42,59.28
2013-07-18,41.56,59.62
2013-07-19,41.80,59.57
2013-07-22,41.71,59.53
2013-07-23,41.63,59.45
2013-07-24,41.36,59.25
2013-07-25,41.58,59.33
2013-07-26,41.53,59.52
2013-07-29,41.44,59.21
2013-07-30,41.40,59.06
2013-07-31,41.39,59.37
2013-08-01,41.73,60.29
2013-08-02,41.75,60.72
2013-08-05,41.78,60.59
2013-08-06,41.73,60.34
2013-08-07,41.53,59.81
2013-08-08,41.75,60.21
2013-08-09,41.57,60.08
2013-08-12,41.45,60.00
2013-08-13,41.48,60.00
2013-08-14,41.19,59.34
2013-08-15,40.53,58.30
2013-08-16,40.29,58.09
2013-08-19,40.11,57.84
2013-08-20,40.12,58.43
2013-08-21,39.81,57.93
2013-08-22,39.98,58.51
2013-08-23,40.21,58.52
2013-08-26,39.74,58.40
2013-08-27,39.53,57.45
2013-08-28,39.23,57.76
2013-08-29,39.39,58.04
2013-08-30,39.51,57.68
2013-09-03,39.48,58.09
2013-09-04,39.73,58.70
2013-09-05,39.67,58.72
2013-09-06,39.77,58.65
2013-09-09,40.05,59.17
2013-09-10,40.09,59.75
2013-09-11,40.38,60.18
2013-09-12,40.39,60.04
2013-09-13,40.72,60.21
2013-09-16,41.09,60.48
2013-09-17,41.23,60.83
2013-09-18,41.72,61.53
2013-09-19,41.53,61.51
2013-09-20,40.98,60.96
2013-09-23,40.80,60.49
2013-09-24,40.61,60.65
2013-09-25,40.27,60.28
2013-09-26,40.48,60.85
2013-09-27,40.23,60.86
2013-09-30,39.80,60.63
2013-10-01,40.04,61.12
2013-10-02,39.96,61.10
2013-10-03,39.75,60.41
2013-10-04,39.81,60.98
2013-10-07,39.68,60.12
2013-10-08,39.68,59.17
2013-10-09,39.71,58.90
2013-10-10,40.45,60.27
2013-10-11,40.57,60.79
2013-10-14,40.74,61.04
2013-10-15,40.37,60.46
2013-10-16,40.97,61.21
2013-10-17,41.43,61.66
2013-10-18,41.49,62.04
2013-10-21,41.40,62.20
2013-10-22,41.92,62.62
2013-10-23,42.00,62.22
2013-10-24,41.92,62.84
2013-10-25,42.02,63.31
2013-10-28,42.57,63.19
2013-10-29,42.94,63.56
2013-10-30,42.57,63.25
2013-10-31,42.35,63.41
2013-11-01,42.51,63.56
2013-11-04,42.55,63.78
2013-11-05,42.63,63.78
2013-11-06,43.09,63.62
2013-11-07,42.46,62.30
2013-11-08,42.67,63.29
2013-11-11,42.54,63.39
2013-11-12,42.61,63.28
2013-11-13,42.97,64.28
2013-11-14,43.28,64.73
2013-11-15,43.33,64.95
2013-11-18,43.20,64.44
2013-11-19,43.04,64.16
2013-11-20,42.86,63.83
2013-11-21,42.94,64.49
2013-11-22,43.16,64.85
2013-11-25,43.09,64.91
2013-11-26,43.05,65.29
2013-11-27,43.08,65.54
2013-11-29,43.01,65.60
2013-12-02,42.78,65.29
2013-12-03,42.99,64.67
2013-12-04,42.89,64.52
2013-12-05,42.50,64.59
2013-12-06,43.08,65.13
2013-12-09,43.23,65.08
2013-12-10,42.86,65.12
2013-12-11,42.93,64.52
2013-12-12,42.34,64.32
2013-12-13,42.27,64.48
2013-12-16,42.26,64.90
2013-12-17,42.06,64.73
2013-12-18,42.76,65.69
2013-12-19,42.68,65.65
2013-12-20,42.55,65.66
2013-12-23,42.51,65.95
2013-12-24,42.57,66.09
2013-12-26,42.74,66.58
2013-12-27,42.84,66.27
2013-12-30,42.95,66.57
2013-12-31,42.98,66.83
2014-01-02,42.45,66.52
2014-01-03,42.37,66.34
2014-01-06,42.21,65.93
2014-01-07,42.44,66.33
2014-01-08,42.12,66.15
2014-01-09,42.34,66.14
2014-01-10,42.40,66.34
2014-01-13,42.16,65.01
2014-01-14,42.38,65.57
2014-01-15,42.39,65.73
2014-01-16,42.40,65.38
2014-01-17,42.07,65.09
2014-01-21,42.23,65.03
2014-01-22,42.23,65.20
2014-01-23,41.86,64.74
2014-01-24,41.48,63.50
2014-01-27,41.31,63.25
2014-01-28,41.63,63.69
2014-01-29,40.90,62.67
2014-01-30,40.96,63.72
2014-01-31,40.76,62.82
2014-02-03,39.88,61.17
2014-02-04,40.09,61.92
2014-02-05,40.12,62.00
2014-02-06,40.55,63.31
2014-02-07,40.93,64.09
2014-02-10,41.09,64.05
2014-02-11,41.57,64.52
2014-02-12,41.39,64.58
2014-02-13,41.60,64.78
2014-02-14,41.84,65.17
2014-02-18,41.60,65.25
2014-02-19,41.51,64.72
2014-02-20,41.69,65.07
2014-02-21,41.60,65.20
2014-02-24,41.75,65.47
2014-02-25,41.91,65.93
2014-02-26,41.87,66.30
2014-02-27,42.06,66.57
2014-02-28,42.35,66.84
2014-03-03,42.12,66.21
2014-03-04,42.69,67.04
2014-03-05,42.55,67.32
2014-03-06,42.54,67.49
2014-03-07,42.66,67.39
2014-03-10,42.70,67.21
2014-03-11,42.68,66.82
2014-03-12,42.77,66.72
2014-03-13,42.56,65.91
2014-03-14,42.58,65.85
2014-03-17,42.83,66.29
2014-03-18,42.92,66.58
2014-03-19,42.59,66.14
2014-03-20,42.74,66.31
2014-03-21,42.50,65.68
2014-03-24,42.46,65.02
2014-03-25,42.77,64.63
2014-03-26,42.67,64.11
2014-03-27,42.64,63.80
2014-03-28,42.75,64.28
2014-03-31,43.06,64.72
2014-04-01,42.99,65.62
2014-04-02,43.04,66.06
2014-04-03,43.09,65.74
2014-04-04,42.95,64.65
2014-04-07,42.99,63.39
2014-04-08,43.21,64.03
2014-04-09,43.40,64.72
2014-04-10,42.97,63.11
2014-04-11,42.75,62.24
2014-04-14,43.09,62.73
2014-04-15,43.20,62.81
2014-04-16,43.62,63.69
2014-04-17,43.63,63.77
2014-04-21,43.65,63.94
2014-04-22,43.63,64.49
2014-04-23,43.56,64.19
2014-04-24,43.73,64.54
2014-04-25,43.79,63.44
2014-04-28,44.29,63.28
2014-04-29,44.10,63.57
2014-04-30,44.24,63.84
2014-05-01,44.20,64.09
2014-05-02,44.20,64.25
2014-05-05,44.10,64.31
2014-05-06,43.82,63.39
2014-05-07,44.24,63.31
2014-05-08,44.30,63.49
2014-05-09,44.51,63.84
2014-05-12,44.55,64.64
2014-05-13,44.64,64.46
2014-05-14,44.40,63.74
2014-05-15,44.01,63.28
2014-05-16,44.28,63.75
2014-05-19,44.19,64.04
2014-05-20,44.03,63.46
2014-05-21,44.28,64.23
2014-05-22,44.21,64.57
2014-05-23,44.28,65.08
2014-05-27,44.40,65.42
2014-05-28,44.34,65.35
2014-05-29,44.69,65.62
2014-05-30,45.04,65.68
2014-06-02,44.93,65.90
2014-06-03,44.77,65.78
2014-06-04,44.93,66.10
2014-06-05,45.11,66.53
2014-06-06,45.23,66.92
2014-06-09,45.16,66.94
2014-06-10,45.16,66.81
2014-06-11,45.04,66.61
2014-06-12,44.72,65.76
2014-06-13,44.71,65.79
2014-06-16,44.88,65.94
2014-06-17,44.88,66.20
2014-06-18,45.41,66.70
2014-06-19,45.67,66.54
2014-06-20,45.22,66.08
2014-06-23,44.97,66.16
2014-06-24,44.81,66.00
2014-06-25,44.74,66.56
2014-06-26,44.58,66.61
2014-06-27,44.66,66.77
2014-06-30,44.62,66.74
2014-07-01,44.72,67.45
2014-07-02,44.84,67.55
2014-07-03,45.09,68.07
2014-07-07,45.16,67.65
2014-07-08,45.07,66.99
2014-07-09,45.27,67.80
2014-07-10,45.20,67.17
2014-07-11,45.26,67.39
2014-07-14,45.42,67.58
2014-07-15,45.02,67.35
2014-07-16,45.03,67.52
2014-07-17,44.75,66.88
2014-07-18,45.20,67.50
2014-07-21,44.99,67.19
2014-07-22,44.91,67.47
2014-07-23,44.85,67.42
2014-07-24,44.97,67.57
2014-07-25,44.79,66.82
2014-07-28,44.56,66.95
2014-07-29,44.36,66.76
2014-07-30,43.89,67.13
2014-07-31,43.14,65.89
2014-08-01,43.47,65.65
2014-08-04,43.61,66.29
2014-08-05,43.42,65.83
2014-08-06,43.79,65.69
2014-08-07,43.43,65.35
2014-08-08,43.87,66.36
2014-08-11,44.18,66.66
2014-08-12,44.15,66.49
2014-08-13,44.28,66.73
2014-08-14,44.46,67.25
2014-08-15,44.52,67.12
2014-08-18,44.78,67.74
2014-08-19,44.90,68.25
2014-08-20,44.87,68.57
2014-08-21,44.95,68.51
2014-08-22,44.84,68.64
2014-08-25,45.09,68.84
2014-08-26,45.06,68.85
2014-08-27,45.08,68.92
2014-08-28,45.10,68.83
2014-08-29,45.13,68.82
2014-09-02,45.15,68.95
2014-09-03,45.18,68.77
2014-09-04,45.32,69.03
2014-09-05,45.58,69.26
2014-09-08,45.24,68.97
2014-09-09,45.13,68.28
2014-09-10,45.35,68.52
2014-09-11,45.37,68.55
2014-09-12,45.05,68.35
2014-09-15,45.27,68.07
2014-09-16,45.61,68.42
2014-09-17,45.51,68.39
2014-09-18,45.60,68.69
2014-09-19,45.43,68.49
2014-09-22,45.35,67.53
2014-09-23,44.95,66.95
2014-09-24,45.53,67.71
2014-09-25,44.93,66.72
2014-09-26,45.10,67.41
2014-09-29,45.09,67.06
2014-09-30,45.11,66.69
2014-10-01,44.83,65.80
2014-10-02,44.91,66.10
2014-10-03,45.44,66.95
2014-10-06,45.46,66.59
2014-10-07,45.19,65.60
2014-10-08,45.85,66.63
2014-10-09,45.39,65.12
2014-10-10,45.61,64.55
2014-10-13,44.98,63.24
2014-10-14,44.96,63.70
2014-10-15,44.42,63.17
2014-10-16,44.09,63.24
2014-10-17,44.63,63.94
2014-10-20,45.27,64.83
2014-10-21,45.46,66.09
2014-10-22,45.56,65.52
2014-10-23,45.53,66.41
2014-10-24,45.91,66.35
2014-10-27,46.02,66.48
2014-10-28,46.20,67.20
2014-10-29,46.12,67.00
2014-10-30,46.41,67.44
2014-10-31,46.71,68.10
2014-11-03,46.89,68.10
2014-11-04,47.14,67.28
2014-11-05,47.47,67.55
2014-11-06,47.57,68.12
2014-11-07,47.74,68.01
2014-11-10,47.95,67.97
2014-11-11,47.86,68.26
2014-11-12,47.86,68.58
2014-11-13,48.03,69.01
2014-11-14,47.76,69.28
2014-11-17,48.08,69.20
2014-11-18,48.26,69.33
2014-11-19,48.46,69.62
2014-11-20,48.25,69.92
2014-11-21,48.45,70.09
2014-11-24,48.42,70.74
2014-11-25,48.46,70.96
2014-11-26,48.68,70.95
2014-11-28,49.30,71.81
2014-12-01,48.98,71.02
2014-12-02,49.15,71.29
2014-12-03,48.80,71.41
2014-12-04,48.76,71.37
2014-12-05,48.85,71.53
2014-12-08,48.75,70.95
2014-12-09,48.59,70.82
2014-12-10,48.13,69.88
2014-12-11,48.53,70.45
2014-12-12,47.91,70.00
2014-12-15,47.59,69.58
2014-12-16,47.41,68.51
2014-12-17,48.10,69.82
2014-12-18,49.02,70.97
2014-12-19,48.62,70.87
2014-12-22,49.09,71.56
2014-12-23,49.43,71.96
2014-12-24,49.38,71.84
2014-12-26,49.46,72.23
2014-12-29,49.31,72.78
2014-12-30,49.09,72.44
2014-12-31,48.49,72.15
2015-01-02,48.35,71.63
2015-01-05,48.01,70.26
2015-01-06,47.95,69.56
2015-01-07,48.77,70.66
2015-01-08,49.51,71.72
2015-01-09,49.11,70.89
2015-01-12,48.96,70.51
2015-01-13,48.95,70.51
2015-01-14,48.80,69.66
2015-01-15,48.88,68.76
2015-01-16,49.27,69.67
2015-01-20,49.47,69.27
2015-01-21,49.71,69.72
2015-01-22,50.21,71.03
2015-01-23,49.65,70.93
2015-01-26,49.65,71.30
2015-01-27,49.08,70.73
2015-01-28,48.51,69.81
2015-01-29,48.90,70.76
2015-01-30,48.02,69.99
2015-02-02,48.59,70.62
2015-02-03,49.02,72.12
2015-02-04,49.04,72.60
2015-02-05,49.29,73.05
2015-02-06,49.07,72.94
2015-02-09,48.70,72.66
2015-02-10,49.27,73.55
2015-02-11,49.50,73.57
2015-02-12,49.73,74.44
2015-02-13,49.50,74.89
2015-02-17,49.51,74.72
2015-02-18,49.78,74.68
2015-02-19,49.46,74.91
2015-02-20,49.60,75.44
2015-02-23,49.74,75.37
2015-02-24,49.91,75.73
2015-02-25,49.74,76.31
2015-02-26,49.81,76.07
2015-02-27,50.01,75.97
2015-03-02,50.10,76.88
2015-03-03,49.91,76.67
2015-03-04,49.56,76.27
2015-03-05,49.73,76.32
2015-03-06,48.76,75.41
2015-03-09,49.03,75.84
2015-03-10,48.33,74.66
2015-03-11,47.96,74.25
2015-03-12,48.66,75.76
2015-03-13,48.28,75.16
2015-03-16,48.87,76.04
2015-03-17,48.52,75.62
2015-03-18,48.85,76.29
2015-03-19,48.63,76.18
2015-03-20,48.94,76.77
2015-03-23,49.02,76.64
2015-03-24,48.74,76.24
2015-03-25,48.62,75.00
2015-03-26,48.41,74.53
2015-03-27,48.71,74.91
2015-03-30,49.20,75.68
2015-03-31,48.74,75.35
2015-04-01,48.80,75.02
2015-04-02,49.13,75.69
2015-04-06,49.52,76.05
2015-04-07,49.29,75.63
2015-04-08,49.37,76.34
2015-04-09,49.51,76.41
2015-04-10,49.60,76.67
2015-04-13,49.37,76.25
2015-04-14,49.48,76.21
2015-04-15,49.34,76.21
2015-04-16,49.52,76.36
2015-04-17,49.06,75.23
2015-04-20,49.23,76.06
2015-04-21,49.32,76.14
2015-04-22,49.35,76.21
2015-04-23,49.18,76.59
2015-04-24,49.19,77.63
2015-04-27,48.92,76.95
2015-04-28,48.97,76.68
2015-04-29,48.53,76.16
2015-04-30,48.37,75.31
2015-05-01,48.81,76.35
2015-05-04,48.88,76.51
2015-05-05,48.49,75.71
2015-05-06,48.64,75.40
2015-05-07,48.76,75.79
2015-05-08,49.17,76.60
2015-05-11,48.97,76.26
2015-05-12,48.86,76.12
2015-05-13,48.84,75.64
2015-05-14,49.59,75.98
2015-05-15,49.75,76.59
2015-05-18,49.59,76.88
2015-05-19,49.46,76.86
2015-05-20,49.35,76.77
2015-05-21,49.46,77.07
2015-05-22,49.25,76.94
2015-05-26,48.86,76.39
2015-05-27,49.17,76.96
2015-05-28,49.10,76.83
2015-05-29,48.79,76.30
2015-06-01,48.79,76.52
2015-06-02,48.66,76.69
2015-06-03,48.63,77.29
2015-06-04,48.28,76.74
2015-06-05,47.59,76.52
2015-06-08,47.57,75.98
2015-06-09,47.80,75.90
2015-06-10,48.27,76.68
2015-06-11,48.25,76.94
2015-06-12,48.06,76.59
2015-06-15,47.71,76.23
2015-06-16,48.23,76.69
2015-06-17,48.49,77.04
2015-06-18,49.03,77.97
2015-06-19,48.66,77.45
2015-06-22,48.85,77.88
2015-06-23,48.64,78.19
2015-06-24,48.42,77.65
2015-06-25,48.33,77.59
2015-06-26,48.43,77.90
2015-06-29,47.68,76.14
2015-06-30,47.60,76.48
2015-07-01,48.21,77.35
2015-07-02,48.17,77.20
2015-07-06,48.13,77.05
2015-07-07,49.12,77.72
2015-07-08,48.57,76.24
2015-07-09,48.61,76.56
2015-07-10,49.18,77.67
2015-07-13,49.64,78.79
2015-07-14,49.72,78.89
2015-07-15,49.59,78.81
2015-07-16,50.10,79.29
2015-07-17,50.07,79.15
2015-07-20,50.16,79.19
2015-07-21,50.04,78.94
2015-07-22,50.15,79.32
2015-07-23,49.96,78.85
2015-07-24,49.68,78.85
2015-07-27,49.65,78.26
2015-07-28,50.21,78.87
2015-07-29,50.38,79.68
2015-07-30,50.21,79.97
2015-07-31,50.31,80.22
2015-08-03,50.38,79.95
2015-08-04,50.38,80.29
2015-08-05,50.82,79.42
2015-08-06,50.44,78.34
2015-08-07,50.16,78.28
2015-08-10,50.35,78.91
2015-08-11,50.17,78.20
2015-08-12,50.20,77.86
2015-08-13,50.00,78.31
2015-08-14,50.16,78.36
2015-08-17,50.21,79.11
2015-08-18,49.96,79.18
2015-08-19,49.50,79.04
2015-08-20,49.05,76.82
2015-08-21,47.71,74.36
2015-08-24,46.05,71.39
2015-08-25,45.70,71.10
2015-08-26,47.05,73.80
2015-08-27,47.74,75.53
2015-08-28,47.64,75.56
2015-08-31,47.31,74.98
2015-09-01,46.34,73.08
2015-09-02,46.97,74.62
2015-09-03,47.29,74.65
2015-09-04,46.52,73.85
2015-09-08,47.49,75.56
2015-09-09,46.71,74.75
2015-09-10,46.79,74.96
2015-09-11,47.10,75.52
2015-09-14,46.95,75.12
2015-09-15,47.51,75.91
2015-09-16,48.05,76.77
2015-09-17,48.05,76.97
2015-09-18,47.19,75.46
2015-09-21,47.54,76.12
2015-09-22,47.02,75.11
2015-09-23,47.10,74.91
2015-09-24,47.18,74.71
2015-09-25,47.48,74.70
2015-09-28,46.78,72.55
2015-09-29,46.76,72.31
2015-09-30,47.19,74.26
2015-10-01,47.19,74.81
2015-10-02,47.84,75.88
2015-10-05,48.66,77.00
2015-10-06,48.33,76.43
2015-10-07,48.77,76.69
2015-10-08,49.35,77.63
2015-10-09,49.46,77.72
2015-10-12,49.59,78.09
2015-10-13,49.29,77.67
2015-10-14,48.72,76.88
2015-10-15,49.16,77.88
2015-10-16,49.63,78.29
2015-10-19,49.85,78.66
2015-10-20,49.82,78.56
2015-10-21,49.83,78.21
2015-10-22,50.82,79.24
2015-10-23,50.74,79.63
2015-10-26,50.64,80.19
2015-10-27,50.71,79.81
2015-10-28,50.42,80.57
2015-10-29,50.44,80.80
2015-10-30,49.88,80.97
2015-11-02,50.18,81.34
2015-11-03,49.94,81.65
2015-11-04,49.73,81.12
2015-11-05,49.72,81.41
2015-11-06,49.18,81.42
2015-11-09,48.85,80.30
2015-11-10,48.98,81.06
2015-11-11,48.91,80.58
2015-11-12,48.25,79.83
2015-11-13,47.83,77.73
2015-11-16,48.65,78.67
2015-11-17,48.63,78.82
2015-11-18,49.30,80.17
2015-11-19,49.43,80.27
2015-11-20,49.08,81.23
2015-11-23,49.51,81.53
2015-11-24,49.64,81.36
2015-11-25,49.77,81.77
2015-11-27,49.96,81.47
2015-11-30,49.42,80.78
2015-12-01,49.84,81.61
2015-12-02,49.59,80.90
2015-12-03,49.33,79.68
2015-12-04,50.44,81.22
2015-12-07,50.58,80.88
2015-12-08,50.45,80.64
2015-12-09,49.97,79.61
2015-12-10,50.03,79.88
2015-12-11,49.48,78.06
2015-12-14,49.97,78.46
2015-12-15,50.29,78.89
2015-12-16,51.26,80.21
2015-12-17,50.60,78.89
2015-12-18,49.34,77.33
2015-12-21,49.90,77.72
2015-12-22,50.55,78.29
2015-12-23,50.92,78.69
2015-12-24,50.87,78.48
2015-12-28,50.80,78.68
2015-12-29,51.24,79.59
2015-12-30,51.06,78.95
2015-12-31,50.49,78.16
2016-01-04,49.85,76.82
2016-01-05,50.17,76.72
2016-01-06,50.00,75.97
2016-01-07,49.40,74.41
2016-01-08,49.02,73.61
2016-01-11,49.48,74.19
2016-01-12,49.75,75.01
2016-01-13,48.84,72.48
2016-01-14,49.07,73.00
2016-01-15,48.30,71.50
2016-01-19,48.88,71.77
2016-01-20,48.27,71.14
2016-01-21,48.46,72.05
2016-01-22,49.29,73.31
2016-01-25,48.85,72.47
2016-01-26,49.29,73.53
2016-01-27,49.25,72.38
2016-01-28,49.75,73.31
2016-01-29,50.76,74.11
2016-02-01,50.93,74.56
2016-02-02,50.28,73.11
2016-02-03,50.17,72.92
2016-02-04,49.71,72.50
2016-02-05,49.63,70.16
2016-02-08,49.50,68.80
2016-02-09,49.83,68.69
2016-02-10,49.77,68.57
2016-02-11,49.37,68.53
2016-02-12,50.07,69.79
2016-02-16,50.47,71.48
2016-02-17,50.99,73.02
2016-02-18,50.76,72.54
2016-02-19,50.84,72.74
2016-02-22,51.09,74.15
2016-02-23,51.08,73.74
2016-02-24,51.24,74.17
2016-02-25,51.82,74.91
2016-02-26,51.09,74.83
2016-02-29,50.92,74.44
2016-03-01,51.41,76.41
2016-03-02,51.56,76.34
2016-03-03,51.82,76.79
2016-03-04,52.04,76.72
2016-03-07,51.72,76.39
2016-03-08,51.87,75.79
2016-03-09,52.26,75.94
2016-03-10,52.28,76.13
2016-03-11,52.45,77.30
2016-03-14,52.42,77.59
2016-03-15,52.55,77.57
2016-03-16,52.67,78.20
2016-03-17,52.99,78.31
2016-03-18,52.65,78.09
2016-03-21,52.68,78.13
2016-03-22,52.37,78.00
2016-03-23,52.38,77.45
2016-03-24,52.32,77.55
2016-03-28,52.60,77.90
2016-03-29,52.99,78.69
2016-03-30,53.34,79.19
2016-03-31,53.06,79.10
2016-04-01,53.62,79.43
2016-04-04,53.64,78.81
2016-04-05,53.28,78.14
2016-04-06,53.70,78.88
2016-04-07,53.12,77.99
2016-04-08,53.41,77.87
2016-04-11,53.03,77.58
2016-04-12,53.36,78.17
2016-04-13,52.95,79.27
2016-04-14,52.71,79.27
2016-04-15,53.04,79.49
2016-04-18,53.34,80.24
2016-04-19,53.31,79.80
2016-04-20,52.59,79.90
2016-04-21,51.77,79.62
2016-04-22,51.96,79.46
2016-04-25,52.32,79.55
2016-04-26,52.11,79.74
2016-04-27,52.36,79.66
2016-04-28,52.41,78.80
2016-04-29,52.30,79.20
2016-05-02,52.90,80.31
2016-05-03,52.80,79.57
2016-05-04,52.96,79.21
2016-05-05,52.97,78.70
2016-05-06,53.24,79.28
2016-05-09,53.53,79.50
2016-05-10,54.06,80.52
2016-05-11,53.63,78.90
2016-05-12,53.92,79.05
2016-05-13,53.24,78.11
2016-05-16,53.58,78.60
2016-05-17,52.53,77.71
2016-05-18,51.92,77.26
2016-05-19,52.43,77.19
2016-05-20,52.16,77.70
2016-05-23,52.21,77.43
2016-05-24,52.65,78.36
2016-05-25,52.73,78.79
2016-05-26,52.94,78.95
2016-05-27,53.00,79.32
2016-05-31,52.66,79.24
2016-06-01,53.20,79.19
2016-06-02,53.22,79.63
2016-06-03,53.56,79.11
2016-06-06,53.62,79.31
2016-06-07,53.56,79.41
2016-06-08,53.88,79.50
2016-06-09,54.09,79.32
2016-06-10,54.13,78.49
2016-06-13,53.68,78.06
2016-06-14,53.89,77.86
2016-06-15,53.73,78.08
2016-06-16,54.01,78.33
2016-06-17,53.47,77.93
2016-06-20,53.64,78.63
2016-06-21,53.78,78.45
2016-06-22,53.81,78.34
2016-06-23,54.14,79.11
2016-06-24,53.10,76.15
2016-06-27,52.99,74.77
2016-06-28,53.32,76.26
2016-06-29,53.94,77.49
2016-06-30,55.15,78.06
2016-07-01,54.89,78.87
2016-07-05,55.20,78.23
2016-07-06,55.25,78.90
2016-07-07,55.14,79.24
2016-07-08,55.69,80.62
2016-07-11,55.70,81.09
2016-07-12,55.40,81.41
2016-07-13,55.71,81.01
2016-07-14,55.70,81.34
2016-07-15,55.70,80.98
2016-07-18,55.64,81.29
2016-07-19,55.60,81.14
2016-07-20,55.40,81.48
2016-07-21,55.24,81.26
2016-07-22,55.50,81.60
2016-07-25,55.44,81.73
2016-07-26,55.01,81.63
2016-07-27,54.19,81.38
2016-07-28,54.43,81.53
2016-07-29,54.70,81.62
2016-08-01,54.76,81.75
2016-08-02,54.68,80.53
2016-08-03,54.38,80.76
2016-08-04,54.50,80.72
2016-08-05,54.59,81.57
2016-08-08,54.53,81.30
2016-08-09,54.70,81.06
2016-08-10,54.90,81.23
2016-08-11,54.90,82.04
2016-08-12,55.09,82.00
2016-08-15,54.95,82.16
2016-08-16,54.71,81.69
2016-08-17,54.86,81.50
2016-08-18,55.05,81.45
2016-08-19,54.92,81.50
2016-08-22,55.00,81.42
2016-08-23,54.89,81.83
2016-08-24,54.80,81.44
2016-08-25,54.59,81.17
2016-08-26,54.31,80.94
2016-08-29,54.63,81.22
2016-08-30,54.31,80.77
2016-08-31,54.38,80.56
2016-09-01,54.40,80.72
2016-09-02,54.82,80.88
2016-09-06,54.94,81.03
2016-09-07,54.46,81.07
2016-09-08,54.16,80.37
2016-09-09,52.69,78.43
2016-09-12,53.68,79.53
2016-09-13,53.02,78.40
2016-09-14,52.86,78.41
2016-09-15,53.29,78.98
2016-09-16,52.79,78.51
2016-09-19,52.68,78.45
2016-09-20,52.82,78.51
2016-09-21,53.11,79.27
2016-09-22,53.58,79.85
2016-09-23,53.34,79.67
2016-09-26,52.89,78.79
2016-09-27,53.11,79.59
2016-09-28,53.20,79.81
2016-09-29,52.68,79.40
2016-09-30,53.21,80.04
2016-10-03,52.87,79.99
2016-10-04,52.42,79.71
2016-10-05,52.37,80.04
2016-10-06,52.47,80.10
2016-10-07,52.33,79.74
2016-10-10,52.33,79.87
2016-10-11,52.06,78.90
2016-10-12,52.35,79.27
2016-10-13,52.36,78.98
2016-10-14,52.37,78.89
2016-10-17,52.12,78.24
2016-10-18,52.28,78.76
2016-10-19,51.98,79.11
2016-10-20,51.95,78.96
2016-10-21,52.23,79.59
2016-10-24,52.57,80.16
2016-10-25,52.76,79.22
2016-10-26,52.69,78.88
2016-10-27,52.45,78.22
2016-10-28,52.67,78.04
2016-10-31,52.80,78.10
2016-11-01,52.57,77.55
2016-11-02,52.44,77.08
2016-11-03,52.08,76.88
2016-11-04,51.61,76.73
2016-11-07,52.48,78.50
2016-11-08,52.70,78.82
2016-11-09,51.98,78.98
2016-11-10,50.59,79.27
2016-11-11,50.54,79.72
2016-11-14,50.45,79.73
2016-11-15,50.76,80.04
2016-11-16,50.77,80.48
2016-11-17,50.68,81.45
2016-11-18,50.50,81.20
2016-11-21,50.84,81.73
2016-11-22,51.10,82.70
2016-11-23,50.82,82.78
2016-11-25,51.22,82.98
2016-11-28,51.33,82.32
2016-11-29,51.40,82.54
2016-11-30,50.58,81.85
2016-12-01,50.25,81.89
2016-12-02,50.57,81.44
2016-12-05,50.63,82.33
2016-12-06,50.78,82.52
2016-12-07,51.51,84.12
2016-12-08,51.30,84.12
2016-12-09,52.04,84.31
2016-12-12,52.25,83.61
2016-12-13,52.49,84.36
2016-12-14,51.92,83.79
2016-12-15,52.14,83.59
2016-12-16,52.05,82.69
2016-12-19,52.15,82.91
2016-12-20,52.05,83.57
2016-12-21,52.04,83.53
2016-12-22,51.96,82.63
2016-12-23,52.06,82.45
2016-12-27,52.05,82.77
2016-12-28,51.73,82.20
2016-12-29,51.97,82.09
2016-12-30,51.71,81.40
2017-01-03,51.90,81.88
2017-01-04,51.90,82.97
2017-01-05,52.07,82.91
2017-01-06,52.12,83.32
2017-01-09,51.70,83.25
2017-01-10,51.44,83.55
2017-01-11,51.54,83.73
2017-01-12,51.49,83.65
2017-01-13,51.52,83.96
2017-01-17,52.25,84.10
2017-01-18,52.43,83.95
2017-01-19,52.24,83.69
2017-01-20,52.58,83.93
2017-01-23,52.56,83.99
2017-01-24,52.91,84.68
2017-01-25,52.90,85.20
2017-01-26,52.67,85.33
2017-01-27,52.38,85.06
2017-01-30,52.34,84.96
2017-01-31,52.59,84.83
2017-02-01,52.18,84.67
2017-02-02,52.66,84.60
2017-02-03,53.00,84.49
2017-02-06,52.71,84.24
2017-02-07,53.14,84.16
2017-02-08,53.36,84.68
2017-02-09,53.58,85.21
2017-02-10,53.62,85.73
2017-02-13,53.62,85.83
2017-02-14,53.63,86.32
2017-02-15,54.12,86.77
2017-02-16,54.19,86.33
2017-02-17,54.46,86.61
2017-02-21,54.95,87.11
2017-02-22,54.96,87.11
2017-02-23,55.09,86.52
2017-02-24,55.28,86.92
2017-02-27,55.03,87.02
2017-02-28,55.10,86.37
2017-03-01,55.36,87.34
2017-03-02,55.35,87.13
2017-03-03,55.14,87.00
2017-03-06,54.90,86.72
2017-03-07,54.83,86.44
2017-03-08,54.71,86.80
2017-03-09,54.80,86.72
2017-03-10,55.05,86.85
2017-03-13,55.09,87.08
2017-03-14,54.93,87.06
2017-03-15,55.34,87.52
2017-03-16,55.42,87.51
2017-03-17,54.98,87.36
2017-03-20,55.08,87.15
2017-03-21,55.04,86.05
2017-03-22,54.93,86.15
2017-03-23,54.81,86.35
2017-03-24,54.70,86.56
2017-03-27,54.65,86.53
2017-03-28,54.75,87.19
2017-03-29,54.85,87.71
2017-03-30,54.74,87.94
2017-03-31,54.58,87.95
2017-04-03,54.49,87.60
2017-04-04,54.65,87.46
2017-04-05,54.55,87.25
2017-04-06,54.55,87.52
2017-04-07,54.70,87.26
2017-04-10,54.86,87.58
2017-04-11,54.88,87.51
2017-04-12,55.09,87.16
2017-04-13,54.84,86.55
2017-04-17,55.23,87.44
2017-04-18,55.48,87.45
2017-04-19,55.27,87.53
2017-04-20,55.16,88.45
2017-04-21,55.00,88.25
2017-04-24,55.50,88.82
2017-04-25,55.72,89.52
2017-04-26,55.27,89.94
2017-04-27,55.20,90.42
2017-04-28,55.18,90.06
2017-05-01,54.97,90.18
2017-05-02,54.60,90.28
2017-05-03,54.65,89.75
2017-05-04,55.07,89.61
2017-05-05,55.22,90.17
2017-05-08,55.20,90.34
2017-05-09,55.00,90.86
2017-05-10,55.04,90.55
2017-05-11,55.12,90.01
2017-05-12,54.96,89.88
2017-05-15,55.14,89.90
2017-05-16,55.09,89.59
2017-05-17,55.01,88.14
2017-05-18,55.05,88.65
2017-05-19,55.35,89.25
2017-05-22,55.66,89.70
2017-05-23,55.72,89.36
2017-05-24,55.94,89.68
2017-05-25,56.29,90.47
2017-05-26,56.50,90.74
2017-05-30,56.48,90.81
2017-05-31,56.64,91.05
2017-06-01,57.10,91.91
2017-06-02,57.27,92.24
2017-06-05,57.33,91.99
2017-06-06,57.19,91.20
2017-06-07,57.17,91.36
2017-06-08,56.74,90.77
2017-06-09,56.67,90.37
2017-06-12,56.66,90.32
2017-06-13,56.75,90.88
2017-06-14,57.11,90.83
2017-06-15,56.98,90.45
2017-06-16,55.95,90.15
2017-06-19,56.22,90.84
2017-06-20,56.00,89.70
2017-06-21,55.84,89.84
2017-06-22,55.47,89.63
2017-06-23,55.49,89.52
2017-06-26,55.71,89.84
2017-06-27,55.23,89.13
2017-06-28,55.43,90.03
2017-06-29,54.84,89.16
2017-06-30,54.94,89.63
2017-07-03,54.89,89.54
2017-07-05,54.85,89.32
2017-07-06,54.54,88.41
2017-07-07,54.51,89.20
2017-07-10,54.13,89.39
2017-07-11,53.98,89.21
2017-07-12,54.28,89.89
2017-07-13,54.29,89.90
2017-07-14,54.72,90.19
2017-07-17,54.78,90.41
2017-07-18,54.78,90.82
2017-07-19,54.98,91.26
2017-07-20,54.99,91.07
2017-07-21,55.08,91.13
2017-07-24,54.90,90.82
2017-07-25,55.28,91.46
2017-07-26,55.27,91.42
2017-07-27,55.81,92.09
2017-07-28,55.34,91.39
2017-07-31,55.32,91.36
2017-08-01,55.26,91.52
2017-08-02,55.22,91.27
2017-08-03,55.17,91.02
2017-08-04,55.02,91.03
2017-08-07,55.43,91.24
2017-08-08,55.22,91.29
2017-08-09,55.31,90.76
2017-08-10,55.08,89.40
2017-08-11,55.12,89.86
2017-08-14,55.39,90.50
2017-08-15,55.67,89.67
2017-08-16,55.86,90.13
2017-08-17,55.35,88.69
2017-08-18,55.20,88.25
2017-08-21,55.40,88.41
2017-08-22,55.41,89.36
2017-08-23,55.25,88.60
2017-08-24,54.49,88.41
2017-08-25,54.67,88.63
2017-08-28,54.51,88.68
2017-08-29,54.70,88.60
2017-08-30,54.69,89.24
2017-08-31,54.71,89.66
2017-09-01,54.97,90.07
2017-09-05,55.05,89.70
2017-09-06,55.28,90.26
2017-09-07,55.36,89.48
2017-09-08,55.09,89.17
2017-09-11,55.43,89.64
2017-09-12,55.55,90.04
2017-09-13,55.58,90.69
2017-09-14,55.47,90.20
2017-09-15,55.22,89.63
2017-09-18,55.30,89.32
2017-09-19,55.13,89.24
2017-09-20,54.60,89.54
2017-09-21,54.08,89.39
2017-09-22,53.92,89.54
2017-09-25,54.31,89.35
2017-09-26,54.44,89.36
2017-09-27,54.02,89.85
2017-09-28,54.02,89.74
2017-09-29,53.98,90.08
2017-10-02,53.88,90.25
2017-10-03,53.94,90.63
2017-10-04,54.11,91.10
2017-10-05,54.35,91.61
2017-10-06,53.81,91.72
2017-10-09,53.66,91.43
2017-10-10,54.13,91.34
2017-10-11,54.24,91.39
2017-10-12,54.47,90.78
2017-10-13,54.57,91.22
2017-10-16,54.59,91.34
2017-10-17,54.39,91.39
2017-10-18,54.32,91.14
2017-10-19,54.03,91.14
2017-10-20,53.90,91.36
2017-10-23,53.86,90.74
2017-10-24,53.67,90.96
2017-10-25,53.52,90.61
2017-10-26,53.56,90.93
2017-10-27,53.10,92.40
2017-10-30,52.65,91.98
2017-10-31,53.09,91.99
2017-11-01,53.26,92.02
2017-11-02,53.13,91.33
2017-11-03,53.14,91.70
2017-11-06,52.57,92.37
2017-11-07,53.16,91.82
2017-11-08,53.74,91.92
2017-11-09,53.73,92.06
2017-11-10,54.28,92.37
2017-11-13,54.59,92.68
2017-11-14,54.78,92.76
2017-11-15,54.20,92.36
2017-11-16,54.95,93.13
2017-11-17,54.76,93.54
2017-11-20,54.70,93.72
2017-11-21,54.88,94.30
2017-11-22,54.81,94.39
2017-11-24,54.77,94.63
2017-11-27,54.80,94.70
2017-11-28,55.25,95.75
2017-11-29,55.54,96.16
2017-11-30,56.05,96.65
2017-12-01,56.19,96.61
2017-12-04,56.72,97.73
2017-12-05,56.63,97.17
2017-12-06,56.99,96.54
2017-12-07,56.44,96.79
2017-12-08,56.59,97.25
2017-12-11,56.58,97.46
2017-12-12,56.59,97.50
2017-12-13,56.91,97.58
2017-12-14,56.66,97.88
2017-12-15,56.88,97.97
2017-12-18,56.85,98.85
2017-12-19,56.92,98.72
2017-12-20,56.82,98.53
2017-12-21,56.78,99.17
2017-12-22,56.87,98.98
2017-12-26,57.00,99.20
2017-12-27,56.99,99.00
2017-12-28,56.90,99.27
2017-12-29,56.89,98.69
2018-01-02,56.54,100.19
2018-01-03,56.52,100.65
2018-01-04,56.68,100.98
2018-01-05,56.93,101.78
2018-01-08,57.07,101.90
2018-01-09,56.99,102.10
2018-01-10,56.71,102.03
2018-01-11,56.63,103.69
2018-01-12,56.65,105.03
2018-01-16,56.91,104.28
2018-01-17,57.56,104.78
2018-01-18,57.39,104.69
2018-01-19,58.03,105.60
2018-01-22,58.47,106.77
2018-01-23,58.28,107.67
2018-01-24,58.40,108.13
2018-01-25,58.43,107.94
2018-01-26,58.71,109.00
2018-01-29,58.48,108.70
2018-01-30,58.09,108.16
2018-01-31,57.82,107.81
2018-02-01,57.57,106.61
2018-02-02,56.47,105.59
2018-02-05,54.42,102.03
2018-02-06,55.02,104.64
2018-02-07,54.78,104.32
2018-02-08,53.60,100.16
2018-02-09,53.71,100.83
2018-02-12,54.26,102.20
2018-02-13,54.51,102.73
2018-02-14,54.48,104.37
2018-02-15,55.38,105.30
2018-02-16,55.60,104.79
2018-02-20,54.34,104.47
2018-02-21,53.69,104.32
2018-02-22,53.83,104.45
2018-02-23,54.35,105.91
2018-02-26,54.69,106.80
2018-02-27,53.97,104.54
2018-02-28,53.41,104.07
2018-03-01,53.29,102.95
2018-03-02,53.74,103.05
2018-03-05,54.21,104.28
2018-03-06,54.25,105.00
2018-03-07,53.76,104.29
2018-03-08,54.25,104.62
2018-03-09,54.60,106.24
2018-03-12,54.50,106.59
2018-03-13,54.46,105.84
2018-03-14,53.91,105.71
2018-03-15,53.53,105.60
2018-03-16,53.25,105.18
2018-03-19,52.73,103.87
2018-03-20,52.58,104.49
2018-03-21,51.93,104.41
2018-03-22,51.50,102.19
2018-03-23,50.86,100.18
2018-03-26,51.59,103.14
2018-03-27,51.56,101.12
2018-03-28,52.27,99.89
2018-03-29,52.63,101.29
2018-04-02,51.34,98.43
2018-04-03,52.02,99.68
2018-04-04,52.83,101.51
2018-04-05,52.96,102.87
2018-04-06,52.42,100.68
2018-04-09,52.39,100.44
2018-04-10,52.51,101.66
2018-04-11,52.41,101.35
2018-04-12,52.33,101.79
2018-04-13,52.59,101.22
2018-04-16,53.16,101.98
2018-04-17,53.28,103.88
2018-04-18,52.88,104.37
2018-04-19,51.35,104.04
2018-04-20,50.49,102.98
2018-04-23,50.43,103.20
2018-04-24,50.11,101.57
2018-04-25,50.20,101.99
2018-04-26,50.50,103.64
2018-04-27,50.77,104.11
2018-04-30,50.45,103.70
2018-05-01,50.01,103.84
2018-05-02,49.03,103.13
2018-05-03,48.98,102.67
2018-05-04,49.69,104.02
2018-05-07,49.38,104.37
2018-05-08,49.18,103.93
2018-05-09,49.25,104.29
2018-05-10,49.54,104.67
2018-05-11,49.54,104.89
2018-05-14,49.52,105.09
2018-05-15,49.33,104.48
2018-05-16,49.68,105.35
2018-05-17,49.85,105.00
2018-05-18,49.54,104.87
2018-05-21,49.75,105.45
2018-05-22,49.66,104.98
2018-05-23,49.84,105.74
2018-05-24,49.80,105.97
2018-05-25,49.88,106.13
2018-05-29,49.77,105.31
2018-05-30,50.47,106.27
2018-05-31,49.66,105.76
2018-06-01,49.66,106.54
2018-06-04,50.07,107.73
2018-06-05,49.84,108.36
2018-06-06,49.90,109.37
2018-06-07,50.21,109.69
2018-06-08,50.83,109.92
2018-06-11,51.25,110.36
2018-06-12,51.35,110.89
2018-06-13,51.19,111.06
2018-06-14,51.28,112.22
2018-06-15,51.54,112.11
2018-06-18,50.79,111.92
2018-06-19,51.06,111.78
2018-06-20,51.11,112.31
2018-06-21,51.21,111.51
2018-06-22,51.63,111.32
2018-06-25,51.89,108.90
2018-06-26,51.67,109.68
2018-06-27,51.56,108.26
2018-06-28,51.56,109.11
2018-06-29,51.53,109.30
2018-07-02,51.23,109.45
2018-07-03,51.35,108.90
2018-07-05,52.06,109.44
2018-07-06,52.22,110.30
2018-07-09,52.02,111.62
2018-07-10,52.64,111.86
2018-07-11,52.47,111.60
2018-07-12,52.40,112.34
2018-07-13,52.74,112.59
2018-07-16,52.49,112.87
2018-07-17,52.94,112.98
2018-07-18,52.51,112.91
2018-07-19,52.54,112.65
2018-07-20,52.86,112.15
2018-07-23,52.53,112.03
2018-07-24,52.63,111.70
2018-07-25,53.03,112.52
2018-07-26,53.31,111.93
2018-07-27,53.38,111.64
2018-07-30,53.32,110.75
2018-07-31,53.57,111.27
2018-08-01,53.12,110.72
2018-08-02,53.66,111.48
2018-08-03,54.29,111.86
2018-08-06,54.34,112.61
2018-08-07,54.01,113.13
2018-08-08,53.60,113.25
2018-08-09,53.44,113.67
2018-08-10,53.24,112.72
2018-08-13,53.24,112.15
2018-08-14,53.61,113.24
2018-08-15,53.83,111.86
2018-08-16,54.60,112.41
2018-08-17,55.02,112.51
2018-08-20,54.99,113.31
2018-08-21,54.60,114.21
2018-08-22,54.26,114.33
2018-08-23,54.13,114.22
2018-08-24,54.06,114.89
2018-08-27,54.09,115.63
2018-08-28,53.91,115.86
2018-08-29,53.97,117.16
2018-08-30,53.80,116.49
2018-08-31,53.78,116.95
2018-09-04,53.71,117.17
2018-09-05,54.33,115.91
2018-09-06,54.48,115.59
2018-09-07,54.37,115.58
2018-09-10,54.56,116.01
2018-09-11,54.36,116.94
2018-09-12,54.99,117.16
2018-09-13,54.91,117.36
2018-09-14,54.76,116.92
2018-09-17,54.96,115.47
2018-09-18,54.73,116.94
2018-09-19,54.63,116.99
2018-09-20,55.32,117.79
2018-09-21,55.02,116.92
2018-09-24,54.18,116.16
2018-09-25,53.86,116.65
2018-09-26,53.92,116.92
2018-09-27,53.85,117.32
2018-09-28,53.93,117.22
2018-10-01,53.89,116.86
2018-10-02,54.20,115.28
2018-10-03,53.62,114.89
2018-10-04,53.49,113.09
2018-10-05,53.44,112.24
2018-10-08,54.18,112.53
2018-10-09,54.06,112.20
2018-10-10,53.41,108.42
2018-10-11,52.09,106.51
2018-10-12,52.38,108.48
2018-10-15,52.70,108.23
2018-10-16,53.29,110.40
2018-10-17,53.54,109.49
2018-10-18,53.47,107.39
2018-10-19,54.69,106.34
2018-10-22,54.28,106.77
2018-10-23,54.52,106.79
2018-10-24,54.75,103.60
2018-10-25,54.88,106.73
2018-10-26,53.83,103.41
2018-10-29,54.45,102.50
2018-10-30,55.53,104.04
2018-10-31,55.01,105.38
2018-11-01,55.40,107.53
2018-11-02,55.11,107.97
2018-11-05,55.80,108.12
2018-11-06,56.14,108.60
2018-11-07,56.46,111.54
2018-11-08,56.49,111.57
2018-11-09,56.82,110.02
2018-11-12,56.52,107.81
2018-11-13,56.39,107.76
2018-11-14,56.01,106.95
2018-11-15,55.92,106.79
2018-11-16,56.06,106.37
2018-11-19,55.97,103.77
2018-11-20,55.04,101.42
2018-11-21,54.60,102.48
2018-11-23,54.79,102.02
2018-11-26,54.86,104.31
2018-11-27,55.35,104.62
2018-11-28,55.81,107.71
2018-11-29,55.90,107.21
2018-11-30,56.26,107.99
2018-12-03,56.31,110.01
2018-12-04,55.36,106.05
2018-12-06,55.42,106.56
2018-12-07,54.72,103.37
2018-12-10,54.72,103.45
2018-12-11,55.17,103.49
2018-12-12,55.10,104.58
2018-12-13,55.44,104.06
2018-12-14,54.50,102.33
2018-12-17,53.24,99.73
2018-12-18,52.61,100.51
2018-12-19,52.10,98.52
2018-12-20,51.17,96.31
2018-12-21,50.18,93.76
2018-12-24,48.73,91.98
2018-12-26,50.09,97.43
2018-12-27,50.57,97.95
2018-12-28,50.57,97.96
2018-12-31,50.78,99.01
2019-01-02,50.48,99.76
2019-01-03,50.19,97.60
2019-01-04,51.26,100.83
2019-01-07,51.19,103.11
2019-01-08,51.66,104.25
2019-01-09,51.18,104.78
2019-01-10,51.48,104.48
2019-01-11,51.63,104.58
2019-01-14,51.38,103.94
2019-01-15,51.89,104.88
2019-01-16,51.61,104.64
2019-01-17,51.83,105.35
2019-01-18,52.45,106.81
2019-01-22,51.97,105.21
2019-01-23,52.59,105.42
2019-01-24,51.94,105.86
2019-01-25,51.73,107.03
2019-01-28,51.95,106.41
2019-01-29,52.07,105.72
2019-01-30,52.42,107.80
2019-01-31,53.39,108.78
2019-02-01,53.22,107.19
2019-02-04,53.56,107.89
2019-02-05,53.57,108.90
2019-02-06,53.58,108.45
2019-02-07,53.54,107.56
2019-02-08,53.79,107.13
2019-02-11,53.93,107.32
2019-02-12,54.35,108.97
2019-02-13,54.45,109.71
2019-02-14,53.84,109.31
2019-02-15,54.35,110.06
2019-02-19,54.63,110.51
2019-02-20,54.53,110.73
2019-02-21,54.69,110.51
2019-02-22,54.43,111.11
2019-02-25,54.13,110.74
2019-02-26,54.16,110.89
2019-02-27,54.08,110.81
2019-02-28,54.34,110.21
2019-03-01,54.24,111.10
2019-03-04,54.15,110.75
2019-03-05,54.11,111.03
2019-03-06,54.03,110.51
2019-03-07,53.68,109.17
2019-03-08,53.71,108.41
2019-03-11,54.41,109.90
2019-03-12,54.43,110.21
2019-03-13,54.74,110.60
2019-03-14,54.69,110.27
2019-03-15,54.70,110.60
2019-03-18,54.78,111.67
2019-03-19,54.74,112.23
2019-03-20,54.51,112.39
2019-03-21,55.15,113.93
2019-03-22,55.08,111.67
2019-03-25,55.19,112.33
2019-03-26,55.66,112.81
2019-03-27,55.47,112.58
2019-03-28,55.74,113.26
2019-03-29,56.11,113.85
2019-04-01,55.92,115.10
2019-04-02,55.46,115.08
2019-04-03,55.19,115.89
2019-04-04,55.40,116.83
2019-04-05,55.59,117.52
2019-04-08,55.82,117.94
2019-04-09,55.75,116.88
2019-04-10,55.91,117.44
2019-04-11,56.02,117.59
2019-04-12,56.20,118.32
2019-04-15,56.53,118.56
2019-04-16,56.54,119.08
2019-04-17,56.82,119.31
2019-04-18,56.87,119.27
2019-04-22,56.89,118.82
2019-04-23,56.71,120.24
2019-04-24,56.83,120.35
2019-04-25,56.47,119.72
2019-04-26,56.98,120.67
2019-04-29,57.05,120.25
2019-04-30,57.71,120.07
2019-05-01,57.00,118.61
2019-05-02,56.98,118.70
2019-05-03,57.41,120.10
2019-05-06,57.32,119.37
2019-05-07,56.75,117.56
2019-05-08,56.74,117.60
2019-05-09,56.62,117.12
2019-05-10,57.31,117.29
2019-05-13,56.77,113.80
2019-05-14,57.04,114.95
2019-05-15,57.49,115.73
2019-05-16,57.94,116.80
2019-05-17,57.75,115.91
2019-05-20,57.61,115.09
2019-05-21,57.49,115.89
2019-05-22,57.75,114.70
2019-05-23,57.73,113.28
2019-05-24,57.52,113.43
2019-05-28,56.58,112.68
2019-05-29,56.17,111.68
2019-05-30,56.41,112.41
2019-05-31,55.61,110.94
2019-06-03,56.31,110.01
2019-06-04,56.82,112.99
2019-06-05,57.47,113.55
2019-06-06,58.07,114.13
2019-06-07,58.63,115.78
2019-06-10,58.65,116.76
2019-06-11,58.84,117.21
2019-06-12,58.93,117.18
2019-06-13,59.06,118.23
2019-06-14,59.09,118.49
2019-06-17,58.92,118.54
2019-06-18,58.60,119.44
2019-06-19,58.84,119.66
2019-06-20,59.36,120.49
2019-06-21,58.72,119.52
2019-06-24,58.87,118.88
2019-06-25,58.84,117.74
2019-06-26,58.00,118.12
2019-06-27,58.11,118.86
2019-06-28,58.07,119.20
2019-07-01,58.42,120.25
2019-07-02,58.93,120.51
2019-07-03,59.66,121.56
2019-07-05,59.40,121.70
2019-07-08,59.48,121.85
2019-07-09,59.13,121.98
2019-07-10,59.51,122.42
2019-07-11,59.66,122.67
2019-07-12,59.83,124.08
2019-07-15,59.97,124.48
2019-07-16,59.99,124.32
2019-07-17,59.92,123.13
2019-07-18,60.32,122.97
2019-07-19,59.94,122.16
2019-07-22,59.59,122.23
2019-07-23,60.02,123.06
2019-07-24,59.62,123.68
2019-07-25,59.70,122.99
2019-07-26,60.37,123.55
2019-07-29,60.48,122.95
2019-07-30,60.66,122.12
2019-07-31,59.43,120.72
2019-08-01,59.22,119.08
2019-08-02,59.23,118.10
2019-08-05,57.69,114.93
2019-08-06,58.21,116.68
2019-08-07,58.89,117.15
2019-08-08,59.65,119.41
2019-08-09,59.32,118.29
2019-08-12,58.92,116.57
2019-08-13,59.59,118.49
2019-08-14,58.65,114.78
2019-08-15,59.53,114.59
2019-08-16,60.21,115.89
2019-08-19,60.81,117.35
2019-08-20,60.15,117.38
2019-08-21,60.31,119.64
2019-08-22,60.63,119.67
2019-08-23,59.62,116.49
2019-08-26,60.36,117.64
2019-08-27,60.19,117.06
2019-08-28,60.77,118.52
2019-08-29,60.80,120.30
2019-08-30,60.72,119.58
2019-09-03,61.07,119.09
2019-09-04,61.62,120.27
2019-09-05,61.24,122.57
2019-09-06,61.44,122.87
2019-09-09,61.30,123.34
2019-09-10,60.92,122.85
2019-09-11,61.14,123.08
2019-09-12,61.39,123.67
2019-09-13,61.04,123.42
2019-09-16,60.45,121.84
2019-09-17,60.78,122.58
2019-09-18,60.88,122.52
2019-09-19,60.87,122.19
2019-09-20,60.32,120.39
2019-09-23,60.56,120.81
2019-09-24,60.81,119.52
2019-09-25,60.85,120.61
2019-09-26,61.19,120.09
2019-09-27,61.12,119.67
2019-09-30,61.42,120.70
2019-10-01,61.26,119.69
2019-10-02,60.03,117.54
2019-10-03,60.45,118.11
2019-10-04,61.40,119.22
2019-10-07,60.90,118.70
2019-10-08,60.32,117.45
2019-10-09,60.78,118.45
2019-10-10,60.90,119.24
2019-10-11,60.84,120.59
2019-10-14,60.54,120.53
2019-10-15,60.28,121.59
2019-10-16,60.34,122.09
2019-10-17,60.62,122.41
2019-10-18,60.74,122.17
2019-10-21,60.94,122.60
2019-10-22,60.96,121.82
2019-10-23,61.24,121.26
2019-10-24,61.45,121.20
2019-10-25,61.09,121.06
2019-10-28,60.97,121.44
2019-10-29,60.97,120.75
2019-10-30,61.25,121.50
2019-10-31,61.16,120.85
2019-11-01,61.15,121.65
2019-11-04,60.56,121.71
2019-11-05,60.76,121.89
2019-11-06,61.01,122.02
2019-11-07,60.80,121.29
2019-11-08,60.76,121.34
2019-11-11,60.67,121.09
2019-11-12,60.87,121.01
2019-11-13,61.33,120.63
2019-11-14,61.31,121.15
2019-11-15,61.33,121.37
2019-11-18,61.65,121.79
2019-11-19,61.57,120.45
2019-11-20,61.71,120.17
2019-11-21,61.40,119.49
2019-11-22,61.30,120.31
2019-11-25,61.37,121.37
2019-11-26,61.87,122.20
2019-11-27,62.02,123.25
2019-11-29,62.00,122.45
2019-12-02,62.14,121.44
2019-12-03,62.04,120.22
2019-12-04,62.45,120.89
2019-12-05,62.43,120.77
2019-12-06,62.67,121.74
2019-12-09,62.72,121.89
2019-12-10,62.52,121.68
2019-12-11,62.61,121.99
2019-12-12,62.56,123.06
2019-12-13,62.78,123.17
2019-12-16,63.00,123.71
2019-12-17,62.90,124.26
2019-12-18,62.80,124.38
2019-12-19,63.14,124.77
2019-12-20,63.10,124.55
2019-12-23,62.83,124.26
2019-12-24,62.91,124.54
2019-12-26,62.97,126.06
2019-12-27,63.25,126.05
2019-12-30,62.92,125.24
2019-12-31,62.98,125.42
2020-01-02,62.48,126.91
2020-01-03,62.38,125.83
2020-01-06,62.51,126.18
2020-01-07,62.03,125.98
2020-01-08,62.26,126.36
2020-01-09,62.70,127.03
2020-01-10,62.66,126.34
2020-01-13,63.07,126.74
2020-01-14,63.09,126.70
2020-01-15,63.54,126.41
2020-01-16,63.71,127.54
2020-01-17,63.82,127.99
2020-01-21,64.04,127.60
2020-01-22,64.09,127.54
2020-01-23,64.03,127.73
2020-01-24,63.59,125.95
2020-01-27,63.39,124.07
2020-01-28,63.47,125.28
2020-01-29,63.15,125.21
2020-01-30,63.90,125.00
2020-01-31,63.18,125.32
2020-02-03,63.18,126.21
2020-02-04,63.56,128.51
2020-02-05,64.07,129.16
2020-02-06,64.18,128.87
2020-02-07,64.26,128.31
2020-02-10,64.53,129.76
2020-02-11,64.29,130.78
2020-02-12,64.26,132.12
2020-02-13,64.64,131.89
2020-02-14,64.79,131.69
2020-02-18,64.56,131.68
2020-02-19,64.49,132.27
2020-02-20,64.54,132.32
2020-02-21,64.65,130.30
2020-02-24,63.16,125.82
2020-02-25,62.02,122.46
2020-02-26,61.67,121.49
2020-02-27,59.16,116.58
2020-02-28,57.99,115.83
2020-03-02,61.09,119.81
2020-03-03,60.26,116.91
2020-03-04,63.22,120.95
2020-03-05,62.03,116.44
2020-03-06,61.54,114.65
2020-03-09,58.86,107.43
2020-03-10,60.55,113.37
2020-03-11,57.58,107.17
2020-03-12,52.17,96.34
2020-03-13,56.61,102.30
2020-03-16,52.77,89.34
2020-03-17,57.22,92.78
2020-03-18,55.75,87.45
2020-03-19,53.89,90.50
2020-03-20,50.40,87.81
2020-03-23,48.63,87.53
2020-03-24,51.11,95.74
2020-03-25,50.97,97.42
2020-03-26,53.76,101.45
2020-03-27,53.51,98.05
2020-03-30,55.60,100.10
2020-03-31,54.47,98.08
2020-04-01,53.55,93.70
2020-04-02,54.92,94.05
2020-04-03,55.35,92.41
2020-04-06,57.41,100.10
2020-04-07,56.75,101.59
2020-04-08,57.59,104.79
2020-04-09,58.13,106.68
2020-04-13,57.70,106.65
2020-04-14,60.15,110.82
2020-04-15,59.20,108.39
2020-04-16,59.59,109.69
2020-04-17,60.50,112.93
2020-04-20,59.31,110.96
2020-04-21,58.05,108.08
2020-04-22,58.61,110.41
2020-04-23,58.09,110.38
2020-04-24,58.71,112.25
2020-04-27,58.88,114.35
2020-04-28,59.21,114.80
2020-04-29,58.96,117.33
2020-04-30,58.26,116.60
2020-05-01,57.62,112.24
2020-05-04,57.59,112.85
2020-05-05,57.64,113.26
2020-05-06,57.01,113.24
2020-05-07,56.85,115.02
2020-05-08,58.12,117.26
2020-05-11,58.04,117.00
2020-05-12,57.55,114.44
2020-05-13,57.03,112.47
2020-05-14,56.89,114.15
2020-05-15,57.39,115.48
2020-05-18,58.30,119.85
2020-05-19,57.23,119.42
2020-05-20,57.91,120.98
2020-05-21,57.27,121.41
2020-05-22,57.47,121.23
2020-05-26,57.78,123.15
2020-05-27,58.65,125.26
2020-05-28,59.17,123.74
2020-05-29,59.23,124.19
2020-06-01,59.64,125.37
2020-06-02,59.80,126.44
2020-06-03,59.88,128.83
2020-06-04,59.59,128.18
2020-06-05,60.42,131.25
2020-06-08,61.07,133.25
2020-06-09,60.57,132.21
2020-06-10,60.40,130.97
2020-06-11,58.11,124.11
2020-06-12,58.12,125.34
2020-06-15,58.79,126.53
2020-06-16,59.71,129.19
2020-06-17,59.62,128.85
2020-06-18,59.93,128.38
2020-06-19,59.62,127.38
2020-06-22,58.99,128.39
2020-06-23,58.90,129.40
2020-06-24,57.91,126.55
2020-06-25,58.32,126.72
2020-06-26,57.13,123.75
2020-06-29,58.21,126.10
2020-06-30,58.64,127.71
2020-07-01,58.69,129.00
2020-07-02,58.99,129.51
2020-07-06,59.28,132.58
2020-07-07,59.82,130.50
2020-07-08,59.67,131.89
2020-07-09,59.20,131.74
2020-07-10,60.29,133.31
2020-07-13,60.20,131.62
2020-07-14,61.08,132.93
2020-07-15,61.13,134.83
2020-07-16,61.26,134.47
2020-07-17,61.59,133.84
2020-07-20,60.97,135.98
2020-07-21,61.50,136.19
2020-07-22,61.99,137.36
2020-07-23,62.21,135.30
2020-07-24,62.13,135.54
2020-07-27,62.44,136.38
2020-07-28,62.67,135.03
2020-07-29,62.76,136.40
2020-07-30,62.76,136.29
2020-07-31,62.70,137.00
2020-08-03,62.53,136.71
2020-08-04,63.31,137.81
2020-08-05,63.18,139.49
2020-08-06,63.17,140.17
2020-08-07,63.51,140.38
2020-08-10,63.84,142.06
2020-08-11,63.40,141.78
2020-08-12,64.22,143.66
2020-08-13,64.17,143.60
2020-08-14,64.16,143.59
2020-08-17,64.52,145.44
2020-08-18,64.78,146.34
2020-08-19,64.27,145.65
2020-08-20,64.14,145.43
2020-08-21,64.30,146.18
2020-08-24,64.85,148.40
2020-08-25,64.71,148.89
2020-08-26,64.79,150.36
2020-08-27,65.19,149.55
2020-08-28,65.77,150.53
2020-08-31,65.58,150.09
2020-09-01,65.65,151.66
2020-09-02,66.84,153.76
2020-09-03,65.69,148.88
2020-09-04,65.54,147.16
2020-09-08,64.16,145.23
2020-09-09,65.09,147.97
2020-09-10,64.29,145.85
2020-09-11,64.65,146.07
2020-09-14,65.07,147.62
2020-09-15,64.98,148.83
2020-09-16,64.69,148.00
2020-09-17,64.28,145.92
2020-09-18,63.69,143.89
2020-09-21,62.83,141.51
2020-09-22,63.20,144.50
2020-09-23,62.25,142.13
2020-09-24,62.71,142.07
2020-09-25,63.04,143.92
2020-09-28,63.75,146.93
2020-09-29,63.33,145.79
2020-09-30,64.10,146.98
2020-10-01,64.46,148.90
2020-10-02,64.10,148.27
2020-10-05,64.53,150.23
2020-10-06,64.11,147.45
2020-10-07,64.80,150.82
2020-10-08,65.23,151.81
2020-10-09,65.74,153.39
2020-10-12,66.50,155.43
2020-10-13,66.45,155.40
2020-10-14,66.11,153.68
2020-10-15,66.15,154.25
2020-10-16,66.17,152.85
2020-10-19,65.31,150.97
2020-10-20,65.24,152.18
2020-10-21,65.30,151.35
2020-10-22,65.27,151.66
2020-10-23,65.39,152.99
2020-10-26,64.55,150.05
2020-10-27,64.38,149.98
2020-10-28,62.50,145.24
2020-10-29,62.48,146.16
2020-10-30,62.26,142.97
2020-11-02,63.25,143.99
2020-11-03,64.29,147.16
2020-11-04,64.32,150.29
2020-11-05,64.79,153.22
2020-11-06,65.09,152.76
2020-11-09,64.94,152.26
2020-11-10,66.22,151.72
2020-11-11,66.79,153.05
2020-11-12,66.61,151.00
2020-11-13,67.53,153.45
2020-11-16,68.15,155.46
2020-11-17,67.67,154.80
2020-11-18,66.74,153.74
2020-11-19,66.92,154.50
2020-11-20,66.50,153.69
2020-11-23,66.52,155.38
2020-11-24,66.97,157.69
2020-11-25,66.93,157.88
2020-11-27,66.92,158.22
2020-11-30,66.91,157.26
2020-12-01,67.50,158.43
2020-12-02,66.94,157.44
2020-12-03,67.11,157.88
2020-12-04,67.63,158.03
2020-12-07,67.37,157.67
2020-12-08,67.74,157.34
2020-12-09,67.47,157.19
2020-12-10,67.17,157.05
2020-12-11,67.32,156.30
2020-12-14,67.06,156.53
2020-12-15,67.22,158.64
2020-12-16,67.35,159.68
2020-12-17,67.78,160.77
2020-12-18,67.93,159.99
2020-12-21,66.64,157.89
2020-12-22,66.17,157.21
2020-12-23,66.39,157.55
2020-12-24,66.72,157.88
2020-12-28,67.25,159.68
2020-12-29,67.05,159.73
2020-12-30,66.98,160.69
2020-12-31,67.45,160.78
2021-01-04,66.72,159.42
2021-01-05,66.72,160.61
2021-01-06,66.77,162.25
2021-01-07,66.57,165.38
2021-01-08,66.90,168.79
2021-01-11,66.33,165.64
2021-01-12,66.11,168.17
2021-01-13,66.21,168.16
2021-01-14,65.86,167.09
2021-01-15,65.63,165.80
2021-01-19,65.34,166.74
2021-01-20,65.46,169.89
2021-01-21,65.24,170.68
2021-01-22,65.07,170.10
2021-01-25,65.72,170.73
2021-01-26,66.31,170.62
2021-01-27,65.19,165.36
2021-01-28,65.44,165.88
2021-01-29,64.09,162.01
2021-02-01,64.15,166.22
2021-02-02,64.58,169.75
2021-02-03,64.68,168.80
2021-02-04,65.15,170.60
2021-02-05,65.76,172.23
2021-02-08,66.01,173.21
2021-02-09,65.95,172.25
2021-02-10,65.88,170.55
2021-02-11,65.59,170.08
2021-02-12,65.69,170.32
2021-02-16,65.57,169.58
2021-02-17,65.81,170.56
2021-02-18,65.77,170.61
2021-02-19,64.94,169.62
2021-02-22,65.00,166.04
2021-02-23,65.09,164.95
2021-02-24,65.05,166.68
2021-02-25,64.34,160.48
2021-02-26,63.30,161.15
2021-03-01,63.94,164.93
2021-03-02,63.83,163.03
2021-03-03,63.53,159.20
2021-03-04,63.30,155.83
2021-03-05,64.70,156.82
2021-03-08,64.98,157.01
2021-03-09,64.92,162.94
2021-03-10,65.77,163.77
2021-03-11,65.61,166.28
2021-03-12,66.15,166.77
2021-03-15,66.44,169.01
2021-03-16,66.52,167.26
2021-03-17,66.42,169.61
2021-03-18,66.15,165.46
2021-03-19,66.38,166.45
2021-03-22,66.72,167.28
2021-03-23,67.00,165.71
2021-03-24,66.74,163.26
2021-03-25,67.39,164.69
2021-03-26,68.58,166.06
2021-03-29,69.27,165.15
2021-03-30,68.53,166.77
2021-03-31,68.31,168.07
2021-04-01,67.98,169.42
2021-04-05,68.85,173.27
2021-04-06,69.14,174.02
2021-04-07,68.97,173.50
2021-04-08,69.04,174.32
2021-04-09,68.92,175.98
2021-04-12,69.29,177.11
2021-04-13,68.92,178.98
2021-04-14,68.86,177.22
2021-04-15,69.41,178.49
2021-04-16,69.81,179.87
2021-04-19,69.54,177.85
2021-04-20,69.92,175.61
2021-04-21,70.27,177.95
2021-04-22,69.75,175.98
2021-04-23,69.57,177.82
2021-04-26,68.79,178.60
2021-04-27,68.74,178.39
2021-04-28,68.79,178.18
2021-04-29,69.52,178.23
2021-04-30,69.58,178.92
2021-05-03,70.15,178.07
2021-05-04,69.79,176.21
2021-05-05,69.74,175.66
2021-05-06,70.64,176.04
2021-05-07,70.64,177.62
2021-05-10,71.18,174.46
2021-05-11,70.56,172.49
2021-05-12,69.62,166.65
2021-05-13,70.60,167.83
2021-05-14,70.91,170.74
2021-05-17,70.81,170.43
2021-05-18,70.59,169.10
2021-05-19,70.36,167.68
2021-05-20,71.01,169.40
2021-05-21,71.02,168.55
2021-05-24,71.23,170.22
2021-05-25,71.25,170.76
2021-05-26,71.10,172.39
2021-05-27,70.66,173.08
2021-05-28,70.81,172.84
2021-06-01,70.57,172.51
2021-06-02,70.83,171.71
2021-06-03,71.27,169.67
2021-06-04,71.52,171.03
2021-06-07,71.40,171.03
2021-06-08,70.80,172.41
2021-06-09,70.46,171.46
2021-06-10,70.90,172.27
2021-06-11,70.94,173.21
2021-06-14,70.90,173.26
2021-06-15,70.73,172.34
2021-06-16,69.79,172.42
2021-06-17,70.04,173.07
2021-06-18,68.80,172.16
2021-06-21,69.14,173.23
2021-06-22,69.24,174.86
2021-06-23,68.81,176.21
2021-06-24,69.15,176.81
2021-06-25,69.68,177.93
2021-06-28,69.74,177.97
2021-06-29,69.43,178.41
2021-06-30,69.97,178.55
2021-07-01,69.76,179.56
2021-07-02,69.93,181.14
2021-07-06,69.64,181.35
2021-07-07,70.01,181.25
2021-07-08,69.75,180.80
2021-07-09,70.15,182.49
2021-07-12,70.04,183.74
2021-07-13,70.02,181.54
2021-07-14,70.64,181.21
2021-07-15,70.93,180.23
2021-07-16,71.04,178.01
2021-07-19,70.83,175.97
2021-07-20,70.85,179.22
2021-07-21,70.67,180.87
2021-07-22,70.55,181.65
2021-07-23,71.40,183.27
2021-07-26,71.52,184.63
2021-07-27,71.67,182.76
2021-07-28,71.04,182.17
2021-07-29,71.39,184.22
2021-07-30,71.51,180.43
2021-08-02,71.21,180.95
2021-08-03,71.53,182.29
2021-08-04,70.60,180.52
2021-08-05,70.94,182.25
2021-08-06,70.94,181.01
2021-08-09,71.20,180.76
2021-08-10,71.71,181.47
2021-08-11,71.95,182.00
2021-08-12,71.91,182.08
2021-08-13,72.51,181.56
2021-08-16,72.93,180.72
2021-08-17,72.97,176.43
2021-08-18,72.06,177.06
2021-08-19,72.64,175.93
2021-08-20,72.76,177.62
2021-08-23,72.53,179.91
2021-08-24,71.98,181.18
2021-08-25,71.86,181.88
2021-08-26,71.53,180.20
2021-08-27,71.78,181.84
2021-08-30,72.10,183.21
2021-08-31,72.26,183.65
2021-09-01,72.64,183.64
2021-09-02,72.92,183.63
2021-09-03,72.83,183.52
2021-09-07,71.99,184.06
2021-09-08,72.61,184.27
2021-09-09,72.19,184.03
2021-09-10,71.88,182.90
2021-09-13,72.06,183.35
2021-09-14,71.73,182.74
2021-09-15,71.99,183.92
2021-09-16,71.75,184.76
2021-09-17,71.36,184.11
2021-09-20,70.21,179.64
2021-09-21,70.13,179.91
2021-09-22,70.33,182.36
2021-09-23,70.59,184.21
2021-09-24,70.62,184.90
2021-09-27,70.30,185.89
2021-09-28,69.47,182.31
2021-09-29,70.10,182.49
2021-09-30,68.84,179.45
2021-10-01,69.02,180.80
2021-10-04,68.80,179.37
2021-10-05,69.15,180.09
2021-10-06,69.82,180.66
2021-10-07,70.13,183.47
2021-10-08,70.05,182.63
2021-10-11,70.03,181.89
2021-10-12,70.06,183.33
2021-10-13,70.19,184.23
2021-10-14,70.98,186.16
2021-10-15,70.81,189.01
2021-10-18,70.39,191.32
2021-10-19,70.42,190.78
2021-10-20,70.83,190.64
2021-10-21,70.74,193.44
2021-10-22,71.29,192.75
2021-10-25,71.24,197.53
2021-10-26,71.49,197.56
2021-10-27,71.07,198.00
2021-10-28,71.32,200.63
2021-10-29,71.25,201.15
2021-11-01,71.36,204.84
2021-11-02,71.84,203.46
2021-11-03,72.51,207.12
2021-11-04,72.58,209.91
2021-11-05,73.00,211.26
2021-11-08,72.42,208.27
2021-11-09,72.67,204.42
2021-11-10,72.89,203.66
2021-11-11,72.84,203.11
2021-11-12,72.84,203.79
2021-11-15,73.19,203.62
2021-11-16,72.73,206.83
2021-11-17,72.57,208.15
2021-11-18,72.31,210.51
2021-11-19,72.05,211.42
2021-11-22,72.62,210.89
2021-11-23,73.10,209.36
2021-11-24,72.88,209.79
2021-11-26,71.96,204.07
2021-11-29,72.14,207.24
2021-11-30,70.29,204.44
2021-12-01,69.95,200.75
2021-12-02,70.69,203.61
2021-12-03,71.57,199.65
2021-12-06,72.83,201.93
2021-12-07,72.99,206.64
2021-12-08,72.76,207.16
2021-12-09,72.96,203.57
2021-12-10,74.19,204.99
2021-12-13,75.16,199.71
2021-12-14,75.21,198.55
2021-12-15,75.97,201.07
2021-12-16,76.51,196.63
2021-12-17,75.20,195.29
2021-12-20,74.71,191.85
2021-12-21,74.61,196.82
2021-12-22,75.08,200.41
2021-12-23,75.25,203.19
2021-12-27,76.05,205.17
2021-12-28,76.48,205.26
2021-12-29,76.83,205.67
2021-12-30,76.59,204.93
2021-12-31,77.11,204.44
2022-01-03,77.10,210.31
2022-01-04,77.62,209.03
2022-01-05,77.55,203.39
2022-01-06,77.34,202.86
2022-01-07,77.42,199.48
2022-01-10,76.81,198.26
2022-01-11,76.72,200.17
2022-01-12,76.75,201.49
2022-01-13,76.89,197.44
2022-01-14,77.03,196.52
2022-01-18,75.92,192.80
2022-01-19,76.40,189.32
2022-01-20,75.90,185.87
2022-01-21,75.96,180.42
2022-01-24,75.71,182.59
2022-01-25,74.87,179.50
2022-01-26,74.30,178.63
2022-01-27,74.80,174.30
2022-01-28,75.68,178.10
2022-01-31,75.97,184.95
2022-02-01,75.90,186.07
2022-02-02,76.81,184.96
2022-02-03,76.83,179.30
2022-02-04,75.89,184.40
2022-02-07,76.03,184.02
2022-02-08,76.32,186.61
2022-02-09,76.34,189.08
2022-02-10,75.52,185.82
2022-02-11,75.25,180.48
2022-02-14,75.04,181.51
2022-02-15,75.17,185.57
2022-02-16,75.31,186.10
2022-02-17,75.89,181.12
2022-02-18,76.03,180.00
2022-02-22,75.44,174.75
2022-02-23,74.83,168.91
2022-02-24,73.54,172.77
2022-02-25,75.91,176.19
2022-02-28,74.90,177.43
2022-03-01,74.46,174.74
2022-03-02,75.25,178.41
2022-03-03,75.86,174.37
2022-03-04,75.87,171.60
2022-03-07,74.49,163.19
2022-03-08,72.48,163.53
2022-03-09,72.97,168.79
2022-03-10,72.28,169.99
2022-03-11,71.44,166.72
2022-03-14,71.82,163.94
2022-03-15,73.43,169.43
2022-03-16,73.51,175.21
2022-03-17,74.02,178.13
2022-03-18,74.19,181.88
2022-03-21,73.95,180.08
2022-03-22,74.50,184.55
2022-03-23,73.90,182.26
2022-03-24,74.42,183.68
2022-03-25,75.04,183.36
2022-03-28,75.35,188.25
2022-03-29,76.02,191.53
2022-03-30,76.07,188.62
2022-03-31,75.89,185.00
2022-04-01,76.65,185.23
2022-04-04,76.41,189.39
2022-04-05,76.48,184.95
2022-04-06,77.45,180.23
2022-04-07,78.39,181.15
2022-04-08,78.72,179.48
2022-04-11,78.40,176.15
2022-04-12,78.42,176.54
2022-04-13,78.86,180.93
2022-04-14,78.84,178.40
2022-04-18,78.19,178.94
2022-04-19,79.38,184.13
2022-04-20,80.57,181.76
2022-04-21,80.50,180.00
2022-04-22,79.24,175.82
2022-04-25,79.59,177.09
2022-04-26,78.36,168.13
2022-04-27,78.65,168.15
2022-04-28,79.81,171.60
2022-04-29,77.64,162.88
2022-05-02,76.62,165.26
2022-05-03,76.40,164.85
2022-05-04,78.12,169.69
2022-05-05,76.64,160.18
2022-05-06,76.72,158.15
2022-05-09,76.69,151.41
2022-05-10,76.16,150.96
2022-05-11,75.83,145.55
2022-05-12,75.81,146.55
2022-05-13,76.95,152.32
2022-05-16,77.30,149.03
2022-05-17,76.77,152.79
2022-05-18,71.83,142.80
2022-05-19,70.55,142.90
2022-05-20,70.70,140.41
2022-05-23,72.16,141.46
2022-05-24,73.34,137.82
2022-05-25,73.36,141.71
2022-05-26,74.14,148.66
2022-05-27,75.00,153.76
2022-05-31,74.47,154.54
2022-06-01,73.50,152.93
2022-06-02,74.57,157.61
2022-06-03,73.82,153.00
2022-06-06,73.85,154.53
2022-06-07,74.24,154.15
2022-06-08,73.33,153.24
2022-06-09,72.23,150.47
2022-06-10,71.92,144.47
2022-06-13,70.37,137.80
2022-06-14,69.54,137.69
2022-06-15,69.61,141.56
2022-06-16,69.08,134.63
2022-06-17,68.83,136.10
2022-06-21,70.14,139.67
2022-06-22,70.09,139.40
2022-06-23,71.45,141.59
2022-06-24,72.85,146.99
2022-06-27,72.65,145.45
2022-06-28,71.68,139.64
2022-06-29,72.13,139.53
2022-06-30,72.18,137.48
2022-07-01,73.22,140.01
2022-07-05,72.75,143.14
2022-07-06,72.96,142.67
2022-07-07,73.03,146.35
2022-07-08,72.90,146.37
2022-07-11,72.80,142.36
2022-07-12,72.59,141.50
2022-07-13,72.64,142.66
2022-07-14,72.70,142.54
2022-07-15,72.94,144.84
2022-07-18,72.23,145.26
2022-07-19,72.99,149.71
2022-07-20,72.50,152.17
2022-07-21,72.72,155.65
2022-07-22,73.20,154.75
2022-07-25,73.56,153.42
2022-07-26,73.39,148.48
2022-07-27,73.89,154.10
2022-07-28,75.07,156.75
2022-07-29,74.49,162.83
2022-08-01,75.42,163.64
2022-08-02,74.82,162.52
2022-08-03,75.31,166.48
2022-08-04,74.81,167.16
2022-08-05,74.64,164.31
2022-08-08,74.60,165.05
2022-08-09,74.49,162.42
2022-08-10,75.04,167.00
2022-08-11,74.86,166.15
2022-08-12,75.51,169.91
2022-08-15,76.26,171.08
2022-08-16,77.12,172.97
2022-08-17,76.90,171.11
2022-08-18,77.16,171.06
2022-08-19,76.91,167.53
2022-08-22,76.13,162.88
2022-08-23,75.80,163.34
2022-08-24,75.99,164.04
2022-08-25,76.34,166.00
2022-08-26,74.45,159.68
2022-08-29,74.33,158.83
2022-08-30,73.56,157.06
2022-08-31,73.11,155.51
2022-09-01,73.52,156.93
2022-09-02,72.56,155.49
2022-09-06,72.15,155.17
2022-09-07,73.45,159.93
2022-09-08,73.26,161.42
2022-09-09,73.98,164.48
2022-09-12,74.27,166.60
2022-09-13,71.79,158.01
2022-09-14,71.76,160.04
2022-09-15,71.16,159.22
2022-09-16,71.33,157.94
2022-09-19,71.34,159.84
2022-09-20,70.95,157.13
2022-09-21,70.68,153.41
2022-09-22,70.58,149.87
2022-09-23,69.38,146.42
2022-09-26,69.43,146.09
2022-09-27,68.23,146.55
2022-09-28,69.05,150.51
2022-09-29,67.91,145.31
2022-09-30,66.73,142.45
2022-10-03,67.88,142.59
2022-10-04,68.91,147.57
2022-10-05,68.51,146.70
2022-10-06,67.51,145.66
2022-10-07,66.50,140.65
2022-10-10,66.74,139.78
2022-10-11,67.29,138.64
2022-10-12,67.65,139.00
2022-10-13,68.77,140.52
2022-10-14,67.53,135.27
2022-10-17,68.26,140.76
2022-10-18,69.15,142.70
2022-10-19,68.83,141.10
2022-10-20,67.87,138.37
2022-10-21,68.91,142.40
2022-10-24,70.15,142.99
2022-10-25,71.07,146.57
2022-10-26,71.54,145.39
2022-10-27,71.60,144.83
2022-10-28,73.17,144.96
2022-10-31,72.74,144.03
2022-11-01,72.51,142.57
2022-11-02,71.25,137.18
2022-11-03,71.01,136.36
2022-11-04,71.85,137.50
2022-11-07,72.49,136.54
2022-11-08,72.70,136.20
2022-11-09,71.91,132.04
2022-11-10,73.60,141.69
2022-11-11,73.52,145.09
2022-11-14,72.94,142.79
2022-11-15,73.55,144.74
2022-11-16,73.91,142.53
2022-11-17,73.89,140.80
2022-11-18,74.68,140.99
2022-11-21,75.39,138.95
2022-11-22,75.94,140.52
2022-11-23,76.20,142.55
2022-11-25,76.25,142.63
2022-11-28,75.96,141.75
2022-11-29,75.67,141.30
2022-11-30,77.19,146.17
2022-12-01,76.84,146.15
2022-12-02,77.19,145.96
2022-12-05,76.22,141.75
2022-12-06,75.75,139.54
2022-12-07,76.07,138.70
2022-12-08,76.48,140.04
2022-12-09,75.89,139.43
2022-12-12,76.69,139.78
2022-12-13,76.58,139.78
2022-12-14,76.53,138.74
2022-12-15,75.23,136.46
2022-12-16,74.86,133.91
2022-12-19,74.28,131.40
2022-12-20,74.22,129.87
2022-12-21,74.96,131.94
2022-12-22,74.79,128.55
2022-12-23,75.18,129.43
2022-12-27,75.54,127.33
2022-12-28,74.60,126.26
2022-12-29,74.92,129.51
2022-12-30,74.55,129.16
2023-01-03,74.27,128.39
2023-01-04,74.56,130.25
2023-01-05,73.81,129.04
2023-01-06,75.78,132.07
2023-01-09,75.04,132.87
2023-01-10,74.94,134.54
2023-01-11,74.98,138.17
2023-01-12,74.39,138.40
2023-01-13,74.74,139.70
2023-01-17,74.79,139.80
2023-01-18,72.75,137.98
2023-01-19,72.06,135.69
2023-01-20,72.62,138.98
2023-01-23,72.85,141.15
2023-01-24,73.15,140.99
2023-01-25,73.33,141.71
2023-01-26,73.07,144.61
2023-01-27,72.86,147.89
2023-01-30,72.95,145.37
2023-01-31,73.74,148.70
2023-02-01,74.33,151.52
2023-02-02,73.69,156.16
2023-02-03,73.40,151.35
2023-02-06,73.49,151.13
2023-02-07,73.18,151.48
2023-02-08,72.62,150.19
2023-02-09,72.30,149.91
2023-02-10,72.97,148.15
2023-02-13,73.80,150.32
2023-02-14,73.13,152.12
2023-02-15,73.27,153.90
2023-02-16,72.74,150.54
2023-02-17,73.68,150.57
2023-02-21,73.40,145.54
2023-02-22,73.29,146.28
2023-02-23,73.20,146.16
2023-02-24,72.71,143.86
2023-02-27,72.63,145.64
2023-02-28,72.03,145.54
2023-03-01,71.50,143.71
2023-03-02,72.48,143.23
2023-03-03,72.54,146.31
2023-03-06,72.73,145.24
2023-03-07,72.01,143.26
2023-03-08,72.13,143.00
2023-03-09,71.46,139.59
2023-03-10,71.11,138.20
2023-03-13,71.47,138.49
2023-03-14,72.12,140.84
2023-03-15,72.59,140.63
2023-03-16,72.64,143.17
2023-03-17,72.11,141.34
2023-03-20,72.76,141.52
2023-03-21,72.70,145.43
2023-03-22,72.03,142.19
2023-03-23,71.75,142.04
2023-03-24,72.97,141.58
2023-03-27,73.36,141.87
2023-03-28,73.49,141.70
2023-03-29,73.90,144.39
2023-03-30,74.11,145.65
2023-03-31,74.71,149.54
2023-04-03,75.10,148.17
2023-04-04,74.95,147.93
2023-04-05,75.30,144.90
2023-04-06,75.36,144.93
2023-04-10,75.36,145.57
2023-04-11,75.58,145.80
2023-04-12,75.24,143.54
2023-04-13,75.66,146.71
2023-04-14,75.18,146.90
2023-04-17,75.66,147.94
2023-04-18,75.89,148.18
2023-04-19,75.84,148.04
2023-04-20,76.02,145.76
2023-04-21,76.57,147.37
2023-04-24,76.88,147.35
2023-04-25,76.78,144.43
2023-04-26,76.18,143.69
2023-04-27,77.03,147.48
2023-04-28,77.44,147.86
2023-05-01,77.50,146.40
2023-05-02,77.29,146.55
2023-05-03,76.66,145.39
2023-05-04,76.47,144.27
2023-05-05,77.18,147.19
2023-05-08,76.95,147.69
2023-05-09,76.71,147.65
2023-05-10,76.59,148.40
2023-05-11,76.82,149.09
2023-05-12,77.12,147.83
2023-05-15,76.93,148.02
2023-05-16,76.28,147.42
2023-05-17,76.24,150.49
2023-05-18,75.87,152.83
2023-05-19,75.92,151.55
2023-05-22,74.77,151.08
2023-05-23,74.22,149.70
2023-05-24,73.74,149.15
2023-05-25,73.18,148.48
2023-05-26,73.43,151.97
2023-05-30,72.59,152.99
2023-05-31,72.67,151.61
2023-06-01,72.61,153.40
2023-06-02,73.61,157.00
2023-06-05,73.34,157.47
2023-06-06,72.97,159.11
2023-06-07,72.73,158.03
2023-06-08,73.23,160.37
2023-06-09,73.11,161.20
2023-06-12,73.09,163.97
2023-06-13,73.39,165.67
2023-06-14,73.84,165.55
2023-06-15,74.58,166.63
2023-06-16,74.67,166.38
2023-06-20,73.58,167.29
2023-06-21,73.84,165.28
2023-06-22,74.27,167.39
2023-06-23,73.78,165.45
2023-06-26,73.88,163.33
2023-06-27,74.10,166.84
2023-06-28,73.60,167.50
2023-06-29,73.53,167.68
2023-06-30,74.17,169.81
2023-07-03,74.75,171.86
2023-07-05,74.62,171.93
2023-07-06,74.43,169.16
2023-07-07,73.46,169.37
2023-07-10,73.44,169.89
2023-07-11,73.55,171.31
2023-07-12,73.72,172.85
2023-07-13,74.03,174.47
2023-07-14,74.28,174.92
2023-07-17,74.06,175.63
2023-07-18,73.98,176.35
2023-07-19,74.73,176.97
2023-07-20,75.37,170.94
2023-07-21,75.63,170.98
2023-07-24,75.92,172.10
2023-07-25,75.90,171.70
2023-07-26,75.99,171.66
2023-07-27,75.32,169.88
2023-07-28,76.10,172.76
2023-07-31,75.75,173.74
2023-08-01,75.34,171.77
2023-08-02,75.61,168.69
2023-08-03,75.40,169.09
2023-08-04,74.65,171.55
2023-08-07,75.26,173.31
2023-08-08,74.72,171.93
2023-08-09,74.83,169.89
2023-08-10,74.68,170.30
2023-08-11,74.80,169.72
2023-08-14,74.43,170.24
2023-08-15,73.63,167.92
2023-08-16,73.46,165.84
2023-08-17,72.75,163.03
2023-08-18,73.02,162.66
2023-08-21,72.53,164.53
2023-08-22,72.12,164.77
2023-08-23,72.60,166.09
2023-08-24,72.02,162.84
2023-08-25,72.42,164.66
2023-08-28,72.75,165.32
2023-08-29,73.01,169.45
2023-08-30,73.13,170.18
2023-08-31,72.76,170.71
2023-09-01,72.14,169.67
2023-09-05,71.52,169.79
2023-09-06,71.44,168.28
2023-09-07,71.61,168.75
2023-09-08,71.70,168.75
2023-09-11,72.32,173.29
2023-09-12,71.70,171.72
2023-09-13,71.92,173.08
2023-09-14,72.65,174.78
2023-09-15,72.05,171.79
2023-09-18,71.54,169.62
2023-09-19,71.37,168.77
2023-09-20,71.44,167.09
2023-09-21,70.52,162.53
2023-09-22,70.14,160.93
2023-09-25,69.89,161.92
2023-09-26,69.37,158.97
2023-09-27,68.80,158.36
2023-09-28,69.01,160.13
2023-09-29,68.81,160.98
2023-10-02,68.34,161.11
2023-10-03,67.85,157.19
2023-10-04,68.39,160.29
2023-10-05,67.04,159.49
2023-10-06,66.67,160.61
2023-10-09,66.73,160.78
2023-10-10,67.41,162.54
2023-10-11,66.95,163.12
2023-10-12,66.22,161.34
2023-10-13,66.80,158.97
2023-10-16,67.49,161.54
2023-10-17,67.78,161.92
2023-10-18,68.03,158.12
2023-10-19,67.53,154.08
2023-10-20,67.27,151.69
2023-10-23,67.14,151.87
2023-10-24,67.71,153.49
2023-10-25,67.94,150.39
2023-10-26,67.50,148.04
2023-10-27,66.58,149.59
2023-10-30,67.62,150.96
2023-10-31,67.86,152.10
2023-11-01,67.79,153.98
2023-11-02,68.67,158.00
2023-11-03,68.75,160.22
2023-11-06,68.86,160.42
2023-11-07,69.03,162.21
2023-11-08,68.76,161.78
2023-11-09,68.48,158.76
2023-11-10,68.96,161.40
2023-11-13,69.18,162.09
2023-11-14,69.89,167.55
2023-11-15,70.45,167.75
2023-11-16,69.58,166.03
2023-11-17,69.49,167.14
2023-11-20,69.44,168.00
2023-11-21,69.65,167.57
2023-11-22,70.15,168.08
2023-11-24,70.41,168.24
2023-11-27,70.21,168.51
2023-11-28,70.53,169.48
2023-11-29,69.96,169.02
2023-11-30,70.66,168.78
2023-12-01,70.95,171.09
2023-12-04,71.04,170.44
2023-12-05,70.48,170.74
2023-12-06,70.30,170.99
2023-12-07,70.60,172.40
2023-12-08,70.11,173.19
2023-12-11,70.78,173.65
2023-12-12,71.01,174.19
2023-12-13,72.30,176.47
2023-12-14,71.24,178.84
2023-12-15,71.24,179.21
2023-12-18,71.44,180.00
2023-12-19,71.58,181.41
2023-12-20,70.19,178.10
2023-12-21,70.68,180.81
2023-12-22,71.22,179.48
2023-12-26,71.52,180.24
2023-12-27,71.85,180.86
2023-12-28,71.88,179.92
2023-12-29,72.03,178.81
2024-01-02,72.84,177.15
2024-01-03,72.27,173.57
2024-01-04,72.17,172.35
2024-01-05,72.01,172.62
2024-01-08,72.54,175.56
2024-01-09,72.73,174.91
2024-01-10,72.58,176.31
2024-01-11,72.57,176.08
2024-01-12,72.80,173.96
2024-01-16,72.40,173.76
2024-01-17,72.35,172.24
2024-01-18,72.26,173.22
2024-01-19,72.05,174.89
2024-01-22,71.70,174.12
2024-01-23,72.48,173.70
2024-01-24,71.59,173.04
2024-01-25,72.28,170.90
2024-01-26,72.63,171.68
2024-01-29,73.05,174.19
2024-01-30,73.46,174.09
2024-01-31,72.92,170.92
2024-02-01,74.41,174.21
2024-02-02,74.17,177.32
2024-02-05,73.71,174.82
2024-02-06,73.88,175.88
2024-02-07,73.81,177.85
2024-02-08,73.79,178.63
2024-02-09,73.11,179.90
2024-02-12,73.63,179.75
2024-02-13,72.84,176.17
2024-02-14,72.70,178.03
2024-02-15,73.17,180.09
2024-02-16,73.28,179.02
2024-02-20,74.05,177.33
2024-02-21,74.32,178.64
2024-02-22,74.55,182.11
2024-02-23,74.78,181.29
2024-02-26,74.48,181.85
2024-02-27,74.49,182.45
2024-02-28,74.57,183.17
2024-02-29,74.45,184.41
2024-03-01,74.46,185.02
2024-03-04,74.52,182.52
2024-03-05,74.70,180.25
2024-03-06,75.33,179.61
2024-03-07,75.76,180.98
2024-03-08,75.16,180.31
2024-03-11,75.57,179.82
2024-03-12,75.96,181.37
2024-03-13,76.15,180.99
2024-03-14,75.56,179.84
2024-03-15,75.53,178.05
2024-03-18,75.46,179.02
2024-03-19,75.74,180.57
2024-03-20,75.97,183.26
2024-03-21,76.01,184.33
2024-03-22,75.64,182.72
2024-03-25,75.43,182.12
2024-03-26,75.47,182.35
2024-03-27,76.26,184.46
2024-03-28,76.36,183.89
2024-04-01,75.75,182.52
2024-04-02,75.36,179.83
2024-04-03,74.53,179.96
2024-04-04,74.21,177.85
2024-04-05,74.33,178.84
2024-04-08,74.22,180.54
2024-04-09,74.58,181.39
2024-04-10,74.31,178.59
2024-04-11,74.13,180.03
2024-04-12,73.38,177.11
2024-04-15,73.08,174.16
2024-04-16,73.11,173.17
2024-04-17,73.38,172.33
2024-04-18,73.72,171.26
2024-04-19,74.44,169.76
2024-04-22,75.15,170.51
2024-04-23,75.36,172.54
2024-04-24,75.93,174.19
2024-04-25,75.75,174.34
2024-04-26,75.59,175.91
2024-04-29,75.83,180.00
2024-04-30,75.50,175.62
2024-05-01,75.02,174.52
2024-05-02,75.65,176.72
2024-05-03,75.88,177.91
2024-05-06,75.92,179.81
2024-05-07,76.75,178.52
2024-05-08,76.52,177.85
2024-05-09,77.18,179.06
2024-05-10,77.62,178.10
2024-05-13,77.40,177.87
2024-05-14,77.25,178.68
2024-05-15,77.30,178.95
2024-05-16,78.40,177.79
2024-05-17,78.21,178.70
2024-05-20,77.67,177.37
2024-05-21,78.13,178.51
2024-05-22,77.82,176.65
2024-05-23,76.90,173.79
2024-05-24,77.10,175.54
2024-05-28,76.50,175.11
2024-05-29,75.95,173.96
2024-05-30,76.15,174.99
2024-05-31,77.34,175.97
2024-06-03,77.31,175.89
2024-06-04,77.98,176.07
2024-06-05,77.81,177.10
2024-06-06,78.05,178.39
2024-06-07,77.66,177.66
2024-06-10,77.60,178.23
2024-06-11,77.56,177.76
2024-06-12,76.71,179.61
2024-06-13,76.81,179.75
2024-06-14,76.95,178.33
2024-06-17,77.68,181.46
2024-06-18,77.78,180.85
2024-06-20,77.61,181.08
2024-06-21,77.67,182.61
2024-06-24,77.91,181.44
2024-06-25,77.41,180.71
2024-06-26,77.25,183.33
2024-06-27,76.92,184.45
2024-06-28,76.58,182.40
2024-07-01,76.04,183.02
2024-07-02,76.57,186.58
2024-07-03,76.44,187.77
2024-07-05,77.38,189.30
2024-07-08,77.26,189.39
2024-07-09,77.06,190.02
2024-07-10,77.40,191.45
2024-07-11,77.11,189.02
2024-07-12,77.45,191.49
2024-07-15,77.00,191.27
2024-07-16,77.74,194.70
2024-07-17,78.74,191.45
2024-07-18,78.35,189.50
2024-07-19,78.09,187.81
2024-07-22,78.14,189.88
2024-07-23,77.86,189.03
2024-07-24,77.79,181.30
2024-07-25,77.70,180.59
2024-07-26,78.49,182.61
2024-07-29,78.52,185.66
2024-07-30,77.99,184.63
2024-07-31,77.85,187.49
2024-08-01,78.57,182.89
2024-08-02,79.26,176.16
2024-08-05,77.70,171.18
2024-08-06,78.24,173.07
2024-08-07,78.32,170.05
2024-08-08,79.03,173.76
2024-08-09,79.15,174.34
2024-08-12,78.75,173.65
2024-08-13,79.11,178.00
2024-08-14,79.47,177.05
2024-08-15,80.29,182.70
2024-08-16,80.51,183.13
2024-08-19,80.78,185.38
2024-08-20,81.18,185.21
2024-08-21,81.73,187.55
2024-08-22,81.61,184.31
2024-08-23,81.84,187.87
2024-08-26,82.42,186.41
2024-08-27,82.62,185.92
2024-08-28,82.27,184.12
2024-08-29,81.86,184.34
2024-08-30,82.51,187.12
2024-09-03,83.09,184.55
2024-09-04,83.48,185.03
2024-09-05,83.16,187.13
2024-09-06,82.99,182.40
2024-09-09,83.63,185.06
2024-09-10,83.61,187.18
2024-09-11,82.83,189.05
2024-09-12,83.34,191.18
2024-09-13,83.93,192.48
2024-09-16,84.26,192.15
2024-09-17,83.46,193.13
2024-09-18,83.14,192.75
2024-09-19,82.65,197.14
2024-09-20,83.05,196.69
2024-09-23,83.09,198.67
2024-09-24,82.89,200.41
2024-09-25,82.68,199.69
2024-09-26,82.87,200.54
2024-09-27,83.02,200.84
2024-09-30,83.00,200.37
2024-10-01,82.72,199.56
2024-10-02,82.02,197.87
2024-10-03,81.20,195.58
2024-10-04,81.47,198.17
2024-10-07,80.66,195.09
2024-10-08,81.06,196.99
2024-10-09,81.55,198.40
2024-10-10,81.19,197.42
2024-10-11,81.64,196.58
2024-10-14,81.97,197.44
2024-10-15,82.49,197.87
2024-10-16,82.43,198.91
2024-10-17,82.06,198.73
2024-10-18,82.24,199.51
2024-10-21,81.55,197.96
2024-10-22,82.01,197.16
2024-10-23,81.85,194.06
2024-10-24,81.74,200.18
2024-10-25,81.06,200.81
2024-10-28,81.21,201.28
2024-10-29,80.41,200.23
2024-10-30,80.28,199.95
2024-10-31,80.12,196.89
2024-11-01,80.15,200.09
2024-11-04,80.37,199.40
2024-11-05,80.88,202.93
2024-11-06,79.56,209.42
2024-11-07,79.85,212.11
2024-11-08,80.82,215.12
2024-11-11,80.54,219.46
2024-11-12,80.63,216.53
2024-11-13,80.87,218.38
2024-11-14,80.67,215.28
2024-11-15,79.96,213.44
2024-11-18,80.52,215.41
2024-11-19,80.63,215.57
2024-11-20,80.22,214.62
2024-11-21,81.09,215.00
2024-11-22,81.84,218.10
2024-11-25,82.29,220.33
2024-11-26,82.63,221.13
2024-11-27,82.80,220.04
2024-11-29,83.22,222.30
2024-12-02,83.12,224.24
2024-12-03,82.69,224.07
2024-12-04,82.46,226.15
2024-12-05,82.79,228.00
2024-12-06,82.38,232.80
2024-12-09,82.25,232.06
2024-12-10,82.64,232.44
2024-12-11,82.01,236.52
2024-12-12,82.25,234.56
2024-12-13,82.04,235.49
2024-12-16,81.61,238.68
2024-12-17,81.47,239.43
2024-12-18,80.23,228.64
2024-12-19,79.66,228.33
2024-12-20,79.94,228.91
2024-12-23,78.92,229.17
2024-12-24,79.44,234.47
2024-12-26,79.69,233.60
2024-12-27,79.30,229.74
2024-12-30,78.37,226.05
2024-12-31,78.61,224.35
2025-01-02,78.37,221.40
2025-01-03,78.33,225.88
2025-01-06,77.51,226.77
2025-01-07,77.24,222.38
2025-01-08,77.38,223.01
2025-01-10,76.34,220.82
2025-01-13,76.47,222.07
2025-01-14,76.49,221.64
2025-01-15,76.23,227.28
2025-01-16,76.80,226.05
2025-01-17,77.24,229.22
2025-01-21,77.60,230.90
2025-01-22,77.22,230.03
2025-01-23,77.50,231.42
2025-01-24,77.90,230.01
2025-01-27,80.01,231.32
2025-01-28,78.76,231.60
2025-01-29,78.95,230.94
2025-01-30,79.73,233.20
2025-01-31,78.98,232.17
2025-02-03,79.29,229.10
2025-02-04,78.62,231.80
2025-02-05,79.11,229.17
2025-02-06,79.47,230.08
2025-02-07,79.35,225.58
2025-02-10,79.84,226.35
2025-02-11,80.61,223.78
2025-02-12,80.55,223.74
2025-02-13,81.42,227.10
2025-02-14,80.61,227.00
2025-02-18,80.90,226.37
2025-02-19,81.55,226.24
2025-02-20,81.23,224.29
2025-02-21,82.18,218.39
2025-02-24,82.43,217.57
2025-02-25,83.60,216.43
2025-02-26,82.00,215.54
2025-02-27,81.99,212.43
2025-02-28,83.08,215.96
2025-03-03,83.52,211.98
2025-03-04,82.10,208.24
2025-03-05,82.44,211.41
2025-03-06,82.59,206.05
2025-03-07,82.86,205.67
2025-03-10,82.68,198.33
2025-03-11,81.47,196.39
2025-03-12,79.70,197.53
2025-03-13,79.33,192.60
2025-03-14,79.51,196.70
2025-03-17,80.67,197.01
2025-03-18,79.75,193.50
2025-03-19,79.75,197.21
2025-03-20,79.36,196.74
2025-03-21,79.33,197.45
2025-03-24,79.40,204.29
2025-03-25,78.68,205.92
2025-03-26,79.90,203.23
2025-03-27,80.81,203.36
2025-03-28,80.41,197.04
2025-03-31,81.67,197.46
2025-04-01,81.79,199.52
2025-04-02,81.55,203.31
2025-04-03,82.02,191.03
2025-04-04,78.46,182.79
2025-04-07,77.55,180.63
2025-04-08,76.35,176.34
2025-04-09,79.31,195.54
2025-04-10,79.35,187.90
2025-04-11,80.35,189.72
2025-04-14,81.72,190.27
2025-04-15,81.03,188.90
2025-04-16,80.16,184.24
2025-04-17,81.87,185.40
2025-04-21,81.09,180.45
2025-04-22,82.24,186.16
2025-04-23,81.77,190.32
2025-04-24,81.05,194.11
2025-04-25,80.84,197.60
2025-04-28,80.57,197.67
2025-04-29,81.24,199.07
2025-04-30,81.83,197.26
2025-05-01,81.12,198.35
2025-05-02,81.56,201.43
2025-05-05,81.49,199.29
2025-05-06,81.35,197.55
2025-05-07,81.48,199.09
2025-05-08,81.38,201.44
2025-05-09,80.91,202.41
2025-05-12,81.03,212.47
2025-05-13,79.94,215.28
2025-05-14,79.51,216.11
2025-05-15,81.14,215.63
2025-05-16,82.07,217.67
2025-05-19,82.31,217.16
2025-05-20,82.60,216.03
2025-05-21,81.64,211.65
2025-05-22,81.30,212.56
2025-05-23,81.60,210.65
2025-05-27,82.34,216.87
2025-05-28,81.78,214.88
2025-05-29,82.11,214.97
2025-05-30,82.83,213.80
2025-06-02,82.88,214.30
2025-06-03,82.80,215.44
2025-06-04,82.22,214.87
2025-06-05,81.43,209.45
2025-06-06,81.69,212.17
2025-06-09,81.58,213.87
2025-06-10,81.76,216.43
2025-06-11,81.48,214.72
2025-06-12,81.96,213.71
2025-06-13,80.96,211.74
2025-06-16,81.22,214.02
2025-06-17,80.53,210.33
2025-06-18,80.43,210.43
2025-06-20,81.02,210.68
2025-06-23,81.40,214.40
2025-06-24,81.33,215.59
2025-06-25,80.24,213.05
2025-06-26,80.17,215.01
2025-06-27,80.55,218.59
2025-06-30,80.97,217.33
2025-07-01,81.98,218.26
2025-07-02,82.22,220.01
2025-07-03,82.18,221.21
2025-07-07,82.11,218.40
2025-07-08,81.35,217.66
2025-07-09,80.82,218.95
2025-07-10,81.11,221.37
2025-07-11,80.81,221.43
2025-07-14,80.88,222.25
2025-07-15,80.07,219.07
2025-07-16,80.35,219.47
2025-07-17,81.11,220.22
2025-07-18,80.89,222.17
2025-07-21,80.88,223.22
2025-07-22,81.62,225.48
2025-07-23,81.65,226.55
2025-07-24,81.36,222.80
2025-07-25,81.50,224.87
2025-07-28,80.66,226.18
2025-07-29,81.19,224.62
2025-07-30,80.47,223.20
2025-07-31,79.78,221.43
2025-08-01,80.16,216.09
2025-08-04,80.55,218.63
2025-08-05,80.47,218.91
2025-08-06,81.62,223.46
2025-08-07,82.24,223.39
2025-08-08,82.48,223.78
2025-08-11,82.41,224.36
2025-08-12,82.63,226.74
2025-08-13,82.63,229.85
2025-08-14,81.89,229.59
2025-08-15,82.02,229.04
2025-08-18,81.91,229.96
2025-08-19,82.75,229.85
2025-08-20,83.22,227.58
2025-08-21,82.47,226.23
2025-08-22,82.47,233.10
2025-08-25,81.06,232.63
2025-08-26,80.53,233.70
2025-08-27,80.77,233.75
2025-08-28,80.26,234.15
2025-08-29,80.78,231.74
2025-09-02,80.65,230.01
2025-09-03,80.59,230.94
2025-09-04,80.64,235.16
2025-09-05,80.87,235.11
2025-09-08,80.57,236.02
2025-09-09,80.73,235.69
2025-09-10,79.94,232.87
2025-09-11,80.59,237.40
2025-09-12,80.32,238.63
2025-09-15,79.40,240.70
2025-09-16,79.76,242.18
2025-09-17,80.24,241.57
2025-09-18,79.54,240.48